,URL,시간
0,https://news.kbs.co.kr/news/view.do?ncd=7640897&amp;ref=DA,2023-04-02 12:02
1,https://news.kbs.co.kr/news/view.do?ncd=7641883&amp;ref=DA,2023-04.03 20:01
2,https://news.kbs.co.kr/news/view.do?ncd=7642054&amp;ref=DA,2023-04.03 22:02
3,https://news.kbs.co.kr/news/view.do?ncd=7642222&amp;ref=DA,2023-04.04 06:57
4,http://www.obsnews.co.kr/news/articleView.html?idxno=1392651,  2023-04.03 10:29
5,https://news.sbs.co.kr/news/endPage.do?news_id=N1007140303&plink=ORI&cooper=ETC,작성2023-04.04 07:53조회조회수
6,https://www.ytn.co.kr/_ln/0107_202304012111237240,2023-04-01일 21:11분
7,https://www.ytn.co.kr/_ln/0103_202304020351255839,2023-04-02일 03:51분
8,https://www.ytn.co.kr/_ln/0103_202304020211082502,2023-04-02일 02:11분
9,https://www.ytn.co.kr/_ln/0107_202304032213268100,2023-04-03일 22:13분
10,https://www.ytn.co.kr/_ln/0103_202304031325221462,2023-04-03일 13:25분
11,https://www.ytn.co.kr/_ln/0102_202304030953291548,2023-04-03일 09:53분
12,https://www.ytn.co.kr/_ln/0107_202304042001376858,2023-04-04일 20:01분
13,https://www.ytn.co.kr/_ln/0107_202304040456195495,2023-04-04일 04:56분
14,https://www.ytn.co.kr/_ln/0115_202304051037411309,2023-04-05일 10:37분
15,https://www.ytn.co.kr/_ln/0115_202304051144366160,2023-04-05일 11:44분
16,https://www.ytn.co.kr/_ln/0103_202304052132258525,2023-04-05일 21:32분
17,https://www.kyeonggi.com/article/20230403580353,2023-04-03 21:56
18,https://www.kyeonggi.com/article/20230403580048,2023-04-03 13:37
19,https://www.kyeonggi.com/article/20230404580225,2023-04-04 18:44
20,http://www.kyeongin.com/main/view.php?key=20230403010000478,2023-04-03 22:182023-04-03 22:19
21,http://www.kyeongin.com/main/view.php?key=20230402010000077,2023-04-02 19:01 아이콘ⓘ2023-04-03 16면
22,http://www.kyeongin.com/main/view.php?key=20230404010000655,2023-04-04 17:392023-04-04 19:41 아이콘ⓘ2023-04-05 16면
23,https://www.khan.co.kr/sports/basketball-volleyball/article/202304032329015, :2023-04.03 23:29 :2023-04.03 23:30
24,https://www.khan.co.kr/sports/basketball-volleyball/article/202304032329025, :2023-04.03 23:29 :2023-04.03 23:30
25,https://www.khan.co.kr/travel/national/article/202304030900001, :2023-04.03 09:00 :2023-04.03 09:05
26,https://www.khan.co.kr/national/national-general/article/202304031106001, :2023-04.03 11:06
27,https://www.khan.co.kr/sports/basketball-volleyball/article/202304042239015, :2023-04.04 22:39
28,https://news.kmib.co.kr/article/view.asp?arcid=0018121271&code=61141111&cp=kd,2023-04-03 16:00
29,https://news.kmib.co.kr/article/view.asp?arcid=0018125771&code=61141111&cp=kd,2023-04-04 17:22
30,https://news.kmib.co.kr/article/view.asp?arcid=0018122349&code=61161911&cp=kd,2023-04-04 00:05
31,https://news.kmib.co.kr/article/view.asp?arcid=0924294996&code=11151400,2023-04-04 04:06
32,https://news.kmib.co.kr/article/view.asp?arcid=0924295075&code=11121100,2023-04-04 04:07
33,http://www.naeil.com/news_view/?id_art=456400,2023-06-27일  |  1면
34,http://www.daejonilbo.com/news/articleView.html?idxno=2056139,사회사건·법조2023-04.03 09:47
35,https://www.donga.com/news/Sports/article/all/20230403/118664390/1,2023-04-03 21:47
36,https://www.donga.com/news/Society/article/all/20230403/118650674/2,2023-04-03 09:44
37,https://www.donga.com/news/Economy/article/all/20230404/118672888/1,2023-04-04 11:57
38,http://www.dt.co.kr/contents.html?article_no=2023040202109932031005&ref=jeadan, :2023-04-02 14:26
39,http://www.dt.co.kr/contents.html?article_no=2023040302109932031005&ref=jeadan, :2023-04-03 14:33
40,http://www.dt.co.kr/contents.html?article_no=2023040302109963080001&ref=jeadan, :2023-04-03 09:01
41,http://www.dt.co.kr/contents.html?article_no=2023040502109932031006&ref=jeadan, :2023-04-05 11:47
42,http://news.moneytoday.co.kr/view/mtview.php?no=2023040216225337396&type=2,2023-04.03 06:00
43,http://news.moneytoday.co.kr/view/mtview.php?no=2023040511005750461&type=2,2023-04.05 11:22
44,http://www.munhwa.com/news/view.html?no=2023040201039910226005,023-04-02 14:37ОїЕЅРЬЦЎ2023-04-02 14:45
45,http://www.munhwa.com/news/view.html?no=2023040401032739083002,023-04-04 11:31ОїЕЅРЬЦЎ2023-04-04 11:38
46,https://www.busan.com/view/busan/view.php?code=2023040318322122350,                     :2023-04-03 18:36:00   :2023-04-03 19:00:29                    
47,https://www.busan.com/view/busan/view.php?code=2023040318322105958,                     :2023-04-03 18:35:59                    
48,https://www.busan.com/view/busan/view.php?code=2023040320102094769,                     :2023-04-03 23:06:41   :2023-04-04 08:34:19                    
49,https://www.busan.com/view/busan/view.php?code=2023040309104505372,                     :2023-04-03 09:10:57   :2023-04-03 18:57:36                    
50,https://www.busan.com/view/busan/view.php?code=2023040310592334130,                     :2023-04-03 11:24:13                    
51,https://www.busan.com/view/busan/view.php?code=2023040411231922660,                     :2023-04-04 11:33:42                    
52,https://www.busan.com/view/busan/view.php?code=2023040511353888662,                     :2023-04-05 11:36:04   :2023-04-05 17:52:37                    
53,http://www.sedaily.com/NewsView/29O5T4U4ZL,2023-04-03 19:30
54,http://www.sedaily.com/NewsView/29O5THQ535,2023-04-03 22:40
55,http://www.segye.com/content/html/2023/04/02/20230402509980.html, :2023-04-02 13:57:44  :2023-04-02 13:57:44
56,http://www.segye.com/content/html/2023/04/03/20230403525527.html, :2023-04-03 22:21:52  :2023-04-04 04:10:23
57,http://www.segye.com/content/html/2023/04/02/20230402513205.html, :2023-04-03 06:00:00  :2023-04-02 20:49:15
58,http://www.segye.com/content/html/2023/04/03/20230403507615.html, :2023-04-03 09:55:09  :2023-04-03 09:55:08
59,http://www.segye.com/content/html/2023/04/04/20230404512756.html, :2023-04-04 12:49:42  :2023-04-04 12:49:42
60,http://www.segye.com/content/html/2023/04/03/20230403526038.html, :2023-04-04 06:00:00  :2023-04-04 00:37:00
61,https://view.asiae.co.kr/article/2023040301152251735,2023-04.03 06:00
62,https://www.ajunews.com/view/20230403084326549,2023-04-03 09:45
63,https://www.ajunews.com/view/20230405161404960,2023-04-05 16:15
64,https://www.joongang.co.kr/article/25151847,
65,https://www.joongang.co.kr/article/25152244,
66,https://www.joongang.co.kr/article/25152252,
67,https://www.joongang.co.kr/article/25152083,
68,https://www.joongang.co.kr/article/25152358,
69,https://www.joongang.co.kr/article/25152285,
70,http://www.fnnews.com/news/202304021047339999,2023-04.02 10:482023-04.02 10:48
71,http://www.fnnews.com/news/202304031320347221,2023-04.03 14:142023-04.03 17:39
72,http://www.hani.co.kr/arti/sports/volleyball/1086198.html,2023-04-02 21:262023-04-03 15:55
73,http://www.hani.co.kr/arti/sports/volleyball/1086366.html,2023-04-03 21:322023-04-03 22:01
74,http://www.hani.co.kr/arti/sports/volleyball/1086215.html,2023-04-03 07:002023-04-03 08:08
75,http://www.hani.co.kr/arti/sports/volleyball/1086426.html,2023-04-04 13:192023-04-05 02:39
76,https://hankookilbo.com/News/Read/A2023040309090000220,2023-04.03 10:30
77,https://hankookilbo.com/News/Read/A2023040421040000501,2023-04.04 21:252023-04.04 21:27
78,https://hankookilbo.com/News/Read/A2023040309440002263,2023-04.04 00:05
79,https://hankookilbo.com/News/Read/A2023040400490001056,2023-04.04 07:302023-04.04 08:06
80,http://biz.heraldcorp.com/view.php?ud=20230403000624,2023-04.03 15:26
81,https://news.kbs.co.kr/news/view.do?ncd=7647783&amp;ref=DA,2023-04.10 21:49
82,https://imnews.imbc.com/replay/2023/nwtoday/article/6470888_36207.html,2023-04-05 07:10
83,https://imnews.imbc.com/replay/2023/nwtoday/article/6471648_36207.html,2023-04-07 06:58
84,https://www.ytn.co.kr/_ln/0115_202304050947103582,2023-04-05일 09:47분
85,https://www.ytn.co.kr/_ln/0107_202304101729363786,2023-04-10일 17:29분
86,https://www.ytn.co.kr/_ln/0107_202304101758288941,2023-04-10일 17:58분
87,https://www.ytn.co.kr/_ln/0107_202304102124111027,2023-04-10일 21:24분
88,https://www.ytn.co.kr/_ln/0107_202304102056287203,2023-04-10일 20:56분
89,https://www.kyeonggi.com/article/20230406580060,2023-04-06 13:10
90,https://www.kyeonggi.com/article/20230406580060,2023-04-06 13:10
91,http://www.kyeongin.com/main/view.php?key=20230404010000655,2023-04-04 17:392023-04-04 19:41 아이콘ⓘ2023-04-05 16면
92,https://www.khan.co.kr/economy/market-trend/article/202304051415001, :2023-04.05 14:15 :2023-04.05 15:43
93,https://www.khan.co.kr/local/Jeju/article/202304050921001, :2023-04.05 09:21 :2023-04.05 16:30
94,https://www.khan.co.kr/sports/basketball-volleyball/article/202304102228005, :2023-04.10 22:28 :2023-04.10 22:37
95,https://www.khan.co.kr/national/incident/article/202304102150005, :2023-04.10 21:50 :2023-04.10 22:58
96,https://www.khan.co.kr/politics/president/article/202304102020001, :2023-04.10 20:20 :2023-04.10 20:35
97,https://news.kmib.co.kr/article/view.asp?arcid=0924295194&code=11141400,2023-04-05 04:07
98,https://news.kmib.co.kr/article/view.asp?arcid=0018125901&code=61141111&cp=kd,2023-04-05 07:07
99,https://news.kmib.co.kr/article/view.asp?arcid=0018127764&code=61121111&cp=kd,2023-04-05 09:40
100,https://news.kmib.co.kr/article/view.asp?arcid=0018127895&code=61121111&cp=kd,2023-04-05 10:01
101,https://news.kmib.co.kr/article/view.asp?arcid=0018134422&code=61141511&cp=kd,2023-04-06 17:02
102,https://news.kmib.co.kr/article/view.asp?arcid=0018130893&code=61121111&cp=kd,2023-04-06 00:03
103,https://news.kmib.co.kr/article/view.asp?arcid=0924295360&code=11131400,2023-04-06 04:03
104,https://news.kmib.co.kr/article/view.asp?arcid=0018134068&code=61141111&cp=kd,2023-04-09 00:07
105,https://news.kmib.co.kr/article/view.asp?arcid=0018145254&code=61161911&cp=kd,2023-04-10 17:43
106,https://news.kmib.co.kr/article/view.asp?arcid=0018145035&code=61141111&cp=kd,2023-04-10 17:04
107,http://www.daejonilbo.com/news/articleView.html?idxno=2056901,사회전체2023-04.06 11:20
108,https://www.donga.com/news/Society/article/all/20230405/118689404/2,2023-04-05 09:47
109,https://www.donga.com/news/Society/article/all/20230406/118707417/2,2023-04-06 07:58
110,http://www.dt.co.kr/contents.html?article_no=2023040702109923039003&ref=jeadan, :2023-04-09 08:00
111,http://www.dt.co.kr/contents.html?article_no=2023041002109932031004&ref=jeadan, :2023-04-10 14:42
112,http://news.moneytoday.co.kr/view/mtview.php?no=2023040522464239824&type=2,2023-04.05 22:54
113,http://news.moneytoday.co.kr/view/mtview.php?no=2023040622080687784&type=2,"  5,569 2023-04.06 22:59"
114,http://news.moneytoday.co.kr/view/mtview.php?no=2023040610393912727&type=2,2023-04.06 10:43
115,http://news.moneytoday.co.kr/view/mtview.php?no=2023041017293020659&type=2,2023-04.10 17:52
116,http://www.munhwa.com/news/view.html?no=2023040501039910021006,023-04-05 10:23
117,http://www.munhwa.com/news/view.html?no=2023040601039930114004,023-04-06 09:17
118,https://www.busan.com/view/busan/view.php?code=2023041016142991552,                     :2023-04-10 16:15:25                    
119,http://www.sedaily.com/NewsView/29O6NN9UIN,2023-04-05 06:41
120,http://www.sedaily.com/NewsView/29O8ZMZ2DQ,2023-04-10 17:26
121,http://www.sedaily.com/NewsView/29O8ZXK5UX,2023-04-10 16:06
122,http://www.sedaily.com/NewsView/29O8Z02LFM,2023-04-10 16:04
123,http://www.segye.com/content/html/2023/04/05/20230405507781.html, :2023-04-05 10:04:14  :2023-04-05 10:04:10
124,http://www.segye.com/content/html/2023/04/06/20230406505740.html, :2023-04-06 08:20:49  :2023-04-06 13:22:52
125,http://www.segye.com/content/html/2023/04/07/20230407504773.html, :2023-04-07 07:55:38  :2023-04-07 07:55:38
126,http://www.segye.com/content/html/2023/04/10/20230410515986.html, :2023-04-10 15:20:02  :2023-04-10 15:20:01
127,https://view.asiae.co.kr/article/2023040516241517367,2023-04.05 17:00
128,https://view.asiae.co.kr/article/2023040608220902182,2023-04.06 08:22
129,https://www.ajunews.com/view/20230405053041263,2023-04-05 05:36
130,https://www.ajunews.com/view/20230405093824426,2023-04-05 09:41
131,https://www.ajunews.com/view/20230406003753130,2023-04-06 00:39
132,https://www.ajunews.com/view/20230407162641419,2023-04-07 17:22
133,https://www.ajunews.com/view/20230410220810925,2023-04-10 22:21
134,https://www.ajunews.com/view/20230410155643690,2023-04-10 15:59
135,http://www.etnews.com/20230405000034,발행일 :2023-04-05 09:34
136,http://www.etnews.com/20230406000054,발행일 :2023-04-06 09:36
137,https://www.joongang.co.kr/article/25152865,
138,https://www.joongang.co.kr/article/25152684,
139,https://www.joongang.co.kr/article/25153024,
140,https://www.joongang.co.kr/article/25153346,
141,https://www.joongang.co.kr/article/25153290,
142,https://www.joongang.co.kr/article/25153906,
143,http://www.fnnews.com/news/202304060628511770,2023-04.06 06:482023-04.06 17:16
144,http://www.fnnews.com/news/202304071443187876,2023-04.07 15:172023-04.07 15:17
145,http://www.fnnews.com/news/202304101820184719,2023-04.10 18:202023-04.10 18:20
146,http://www.fnnews.com/news/202304101824298324,2023-04.10 18:242023-04.10 18:24
147,http://www.fnnews.com/news/202304101821044261,2023-04.10 18:212023-04.10 18:21
148,http://www.fnnews.com/news/202304101501249576,2023-04.10 15:482023-04.10 15:48
149,http://www.hani.co.kr/arti/economy/working/1086742.html,2023-04-06 10:322023-04-06 15:11
150,http://www.hani.co.kr/arti/economy/consumer/1086920.html,2023-04-07 06:002023-04-07 10:47
151,http://www.hani.co.kr/arti/sports/volleyball/1087279.html,2023-04-10 17:352023-04-10 17:50
152,https://www.hankyung.com/society/article/202304058053i,2023-04.05 16:50
153,https://www.hankyung.com/economy/article/202304069643i,2023-04.06 11:38
154,https://www.hankyung.com/economy/article/2023040610091,2023-04.06 17:25
155,https://www.hankyung.com/society/article/2023040738077,2023-04.07 18:34
156,https://www.hankyung.com/economy/article/2023041078471,2023-04.10 17:56
157,https://hankookilbo.com/News/Read/A2023040508460004550,2023-04.05 08:552023-04.05 10:31
158,https://hankookilbo.com/News/Read/A2023040610450000973,2023-04.06 12:00
159,https://hankookilbo.com/News/Read/A2023041009330003655,2023-04.10 17:412023-04.10 17:46
160,http://biz.heraldcorp.com/view.php?ud=20230405000775,2023-04.05 23:57
161,http://biz.heraldcorp.com/view.php?ud=20230405000201,2023-04.05 10:03
162,http://biz.heraldcorp.com/view.php?ud=20230406000434,2023-04.06 11:21
163,https://news.kbs.co.kr/news/view.do?ncd=7647943&amp;ref=DA,2023-04.11 06:57
164,http://www.obsnews.co.kr/news/articleView.html?idxno=1394199, 최한성 2023-04.13 18:45
165,https://news.sbs.co.kr/news/endPage.do?news_id=N1007148800&plink=ORI&cooper=ETC,작성2023-04.11 07:35조회조회수
166,https://www.ytn.co.kr/_ln/0101_202304101002336995,2023-04-10일 10:02분
167,https://www.ytn.co.kr/_ln/0107_202304110321497185,2023-04-11일 03:21분
168,https://www.ytn.co.kr/_ln/0103_202304121354238760,2023-04-12일 13:54분
169,https://www.ytn.co.kr/_ln/0107_202304131432381609,2023-04-13일 14:32분
170,http://www.kyeongin.com/main/view.php?key=20230410010001813,2023-04-10 21:19 아이콘ⓘ2023-04-11 16면
171,https://www.khan.co.kr/economy/market-trend/article/202304101031001, :2023-04.10 10:31 :2023-04.10 16:53
172,https://www.khan.co.kr/national/national-general/article/202304101135001, :2023-04.10 11:35
173,https://www.khan.co.kr/national/national-general/article/202304121341011, :2023-04.12 13:41 :2023-04.12 14:36
174,https://www.khan.co.kr/sports/basketball-volleyball/article/202304132126025, :2023-04.13 21:26 :2023-04.13 21:43
175,https://news.kmib.co.kr/article/view.asp?arcid=0018143752&code=61121111&cp=kd,2023-04-10 11:47
176,https://news.kmib.co.kr/article/view.asp?arcid=0018149154&code=61121111&cp=kd,2023-04-11 16:59
177,https://news.kmib.co.kr/article/view.asp?arcid=0018149046&code=61171811&cp=kd,2023-04-11 16:41
178,https://news.kmib.co.kr/article/view.asp?arcid=0924296131&code=11151400,2023-04-11 04:06
179,https://news.kmib.co.kr/article/view.asp?arcid=0924296320&code=11151400,2023-04-12 04:04
180,http://www.kookje.co.kr/news2011/asp/newsbody.asp?code=0200&key=20230411.22003002934, |    :2023-04-10 20:16:09
181,http://www.naeil.com/news_view/?id_art=457684,2023-06-27일  |  1면
182,https://www.donga.com/news/Economy/article/all/20230410/118763624/1,2023-04-10 13:59
183,https://www.donga.com/news/Economy/article/all/20230410/118771858/1,2023-04-11 03:00
184,https://www.donga.com/news/Sports/article/all/20230410/118772035/1,2023-04-11 03:00
185,https://www.donga.com/news/Culture/article/all/20230411/118772142/1,2023-04-11 03:00
186,http://www.dt.co.kr/contents.html?article_no=2023041002109932031001&ref=jeadan, :2023-04-10 09:15
187,http://www.dt.co.kr/contents.html?article_no=2023041102109919002001&ref=jeadan, :2023-04-11 00:38
188,http://www.dt.co.kr/contents.html?article_no=2023041302109932031006&ref=jeadan, :2023-04-13 15:57
189,http://news.moneytoday.co.kr/view/mtview.php?no=2023041009252196023&type=2,2023-04.10 09:57
190,http://news.moneytoday.co.kr/view/mtview.php?no=2023041009010124504&type=2,2023-04.10 09:45
191,http://news.moneytoday.co.kr/view/mtview.php?no=2023040911484426259&type=2,2023-04.10 04:06
192,http://news.moneytoday.co.kr/view/mtview.php?no=2023041009271977738&type=2,"  6,932 2023-04.10 13:26"
193,http://news.moneytoday.co.kr/view/mtview.php?no=2023041018350134622&type=2,2023-04.11 05:45
194,http://news.moneytoday.co.kr/view/mtview.php?no=2023041113222989187&type=2,2023-04.12 04:14
195,http://www.munhwa.com/news/view.html?no=2023041001072930114001,023-04-10 11:45ОїЕЅРЬЦЎ2023-04-10 12:01
196,http://www.munhwa.com/news/view.html?no=2023041201071705054001,023-04-12 11:50
197,http://www.munhwa.com/news/view.html?no=2023041701071418184001,023-04-17 11:49
198,https://www.busan.com/view/busan/view.php?code=2023041009131844640,                     :2023-04-10 09:13:32                    
199,https://www.busan.com/view/busan/view.php?code=2023041109331264892,                     :2023-04-11 14:33:09                    
200,http://www.sedaily.com/NewsView/29O8YKBEXC,2023-04-10 09:40
201,http://www.sedaily.com/NewsView/29O8YJ8TY3,2023-04-10 10:34
202,http://www.sedaily.com/NewsView/29OC6E7JHD,2023-04-17 10:59
203,http://www.segye.com/content/html/2023/04/10/20230410522939.html, :2023-04-11 06:00:00  :2023-04-11 08:04:39
204,https://view.asiae.co.kr/article/2023041008525588156,2023-04.10 08:52
205,https://view.asiae.co.kr/article/2023041010225114076,2023-04.10 10:22
206,https://view.asiae.co.kr/article/2023041108522674381,2023-04.11 08:52
207,https://view.asiae.co.kr/article/2023041108000282131,2023-04.11 08:00
208,https://view.asiae.co.kr/article/2023040514232997419,2023-04.11 06:302023-04.11 08:54
209,https://view.asiae.co.kr/article/2023041216241183974,2023-04.12 18:00
210,https://view.asiae.co.kr/article/2023041314012655348,2023-04.13 14:01
211,https://view.asiae.co.kr/article/2023041309135164129,2023-04.13 11:41
212,https://view.asiae.co.kr/article/2023041306082993345,2023-04.13 07:24
213,https://view.asiae.co.kr/article/2023041711052274845,2023-04.17 11:05
214,https://view.asiae.co.kr/article/2023041711101100752,2023-04.17 11:10
215,https://www.ajunews.com/view/20230410083347161,2023-04-10 08:58
216,https://www.ajunews.com/view/20230410145137590,2023-04-10 15:14
217,https://www.ajunews.com/view/20230410111405406,2023-04-10 11:18
218,https://www.ajunews.com/view/20230410143650572,2023-04-11 05:40
219,https://www.ajunews.com/view/20230413132931201,2023-04-13 13:37
220,http://www.etnews.com/20230410000041,발행일 :2023-04-10 09:49
221,http://www.etnews.com/20230410000072,발행일 :2023-04-10 10:29
222,http://www.joongdo.co.kr/web/view.php?key=20230412010003871,2023-04-13 16:242023-04-13 16:45
223,https://www.joongang.co.kr/article/25153800,
224,https://www.joongang.co.kr/article/25153793,
225,https://www.joongang.co.kr/article/25153974,
226,http://www.fnnews.com/news/202304100857111078,2023-04.10 09:072023-04.10 09:07
227,http://www.fnnews.com/news/202304101301096884,2023-04.10 15:062023-04.10 15:06
228,http://www.fnnews.com/news/202304101057392928,2023-04.10 11:062023-04.10 11:06
229,http://www.fnnews.com/news/202304131817396722,2023-04.13 18:172023-04.13 18:17
230,http://www.fnnews.com/news/202304131321585650,2023-04.13 13:372023-04.13 13:37
231,http://www.fnnews.com/news/202304141417150694,2023-04.14 14:252023-04.14 14:25
232,http://www.hani.co.kr/arti/economy/economy_general/1087534.html,2023-04-12 10:002023-04-12 10:19
233,http://www.hani.co.kr/arti/politics/defense/1088071.html,2023-04-16 16:572023-04-17 09:41
234,https://www.hankyung.com/economy/article/202304105997g,2023-04.10 10:05
235,https://www.hankyung.com/economy/article/202304121832i,2023-04.12 17:23
236,https://www.hankyung.com/economy/article/2023041236051,2023-04.12 18:07
237,https://www.hankyung.com/society/article/202304149190h,2023-04.14 18:05
238,https://www.hankyung.com/finance/article/202304106089i,2023-04.16 08:00
239,https://www.hankyung.com/society/article/202304172308i,2023-04.17 11:02
240,https://hankookilbo.com/News/Read/A2023041117030001057,2023-04.11 17:30
241,http://biz.heraldcorp.com/view.php?ud=20230410000162,2023-04.10 09:54
242,http://biz.heraldcorp.com/view.php?ud=20230410000222,2023-04.10 10:24
243,http://biz.heraldcorp.com/view.php?ud=20230410000454,2023-04.10 11:32
244,http://biz.heraldcorp.com/view.php?ud=20230413000577,2023-04.13 15:04
245,http://biz.heraldcorp.com/view.php?ud=20230414000439,2023-04.14 14:05
246,http://biz.heraldcorp.com/view.php?ud=20230416000006,2023-04.16 07:30
247,http://biz.heraldcorp.com/view.php?ud=20230417000311,2023-04.17 11:11
248,https://news.kbs.co.kr/news/view.do?ncd=7654551&amp;ref=DA,2023-04.18 17:17
249,https://news.kbs.co.kr/news/view.do?ncd=7658150&amp;ref=DA,2023-04.21 21:55
250,https://imnews.imbc.com/replay/2023/nwtoday/article/6474606_36207.html,2023-04-17 06:10
251,http://www.obsnews.co.kr/news/articleView.html?idxno=1395078,  2023-04.20 10:58
252,http://www.obsnews.co.kr/news/articleView.html?idxno=1395332, 최한성 2023-04.21 18:50
253,https://www.ytn.co.kr/_ln/0103_202304171336453433,2023-04-17일 13:36분
254,https://www.ytn.co.kr/_ln/0103_202304170336022071,2023-04-17일 03:36분
255,https://www.ytn.co.kr/_ln/0115_202304191300593008,2023-04-19일 13:00분
256,https://www.ytn.co.kr/_ln/0102_202304202237481541,2023-04-20일 22:37분
257,http://www.kyeongin.com/main/view.php?key=20230419010003591,2023-04-19 10:432023-04-19 19:54 아이콘ⓘ2023-04-20 16면
258,https://www.khan.co.kr/ePR/article/202304192337005, :2023-04.19 23:37 :2023-04.19 23:41
259,https://www.khan.co.kr/national/incident/article/202304202014001, :2023-04.20 20:14
260,http://www.kwangju.co.kr/news_view.php?aid=1681815600751296004,2023-04-18일화 20:00
261,https://news.kmib.co.kr/article/view.asp?arcid=0018167030&code=61121111&cp=kd,2023-04-17 10:26
262,http://www.kookje.co.kr/news2011/asp/newsbody.asp?code=0200&key=20230421.33001006619, |    :2023-04-20 21:11:02
263,http://www.daejonilbo.com/news/articleView.html?idxno=2059799,문화전체2023-04.20 21:47
264,https://www.donga.com/news/Society/article/all/20230417/118870799/1,2023-04-17 12:44
265,https://www.donga.com/news/Economy/article/all/20230417/118875192/1,2023-04-17 16:25
266,https://www.donga.com/news/Society/article/all/20230417/118868090/2,2023-04-17 10:37
267,https://www.donga.com/news/Economy/article/all/20230417/118880463/1,2023-04-18 03:00
268,https://www.donga.com/news/Society/article/all/20230421/118942875/2,2023-04-21 09:43
269,https://www.donga.com/news/Economy/article/all/20230421/118950204/1,2023-04-21 16:23
270,http://www.dt.co.kr/contents.html?article_no=2023042002109919002005&ref=jeadan, :2023-04-20 19:50
271,https://news.imaeil.com/page/view/2023042015320196459,2023-06-27 화
272,http://news.moneytoday.co.kr/view/mtview.php?no=2023041709584522245&type=2,2023-04.17 15:21
273,http://news.moneytoday.co.kr/view/mtview.php?no=2023041807202023712&type=2,2023-04.18 07:37
274,http://news.moneytoday.co.kr/view/mtview.php?no=2023042021195683447&type=2,2023-04.20 21:43
275,http://www.mdilbo.com/detail/GQFJv6/693046,мһ…л Ҙ2023-04.18. 17:43
276,http://www.munhwa.com/news/view.html?no=2023041701039910126002,023-04-17 06:26
277,http://www.munhwa.com/news/view.html?no=2023041701039910021006,±â»ç Á¤º¸¹®È­ÀÏº¸ÀÔ·Â2023-04-17 09:51
278,https://www.busan.com/view/busan/view.php?code=2023041913225319719,                     :2023-04-19 13:23:30                    
279,https://www.busan.com/view/busan/view.php?code=2023042017345679797,                     :2023-04-20 17:35:18   :2023-04-20 19:00:42                    
280,https://www.busan.com/view/busan/view.php?code=2023042016172615638,                     :2023-04-20 16:19:41   :2023-04-20 17:42:37                    
281,http://www.sedaily.com/NewsView/29OC77DB75,2023-04-17 18:51
282,http://www.sedaily.com/NewsView/29OD4K9D8D,2023-04-19 16:05
283,http://www.sedaily.com/NewsView/29OE17ZY00,2023-04-21 11:24
284,http://www.sedaily.com/NewsView/29OE12C8X2,2023-04-21 09:21
285,http://www.segye.com/content/html/2023/04/17/20230417520403.html, :2023-04-17 18:10:01  :2023-04-17 18:10:01
286,http://www.segye.com/content/html/2023/04/18/20230418520367.html, :2023-04-18 20:41:36  :2023-04-18 20:41:35
287,http://www.segye.com/content/html/2023/04/18/20230418525229.html, :2023-04-18 19:57:15  :2023-04-18 19:57:14
288,https://view.asiae.co.kr/article/2023041710145281878,2023-04.17 10:14
289,https://view.asiae.co.kr/article/2023041710083821603,2023-04.17 10:08
290,https://view.asiae.co.kr/article/2023041710131855260,2023-04.17 10:13
291,https://view.asiae.co.kr/article/2023041710125552925,2023-04.17 10:12
292,https://view.asiae.co.kr/article/2023041710162207394,2023-04.17 10:16
293,https://view.asiae.co.kr/article/2023041710165812549,2023-04.17 10:16
294,https://view.asiae.co.kr/article/2023041710155598675,2023-04.17 10:15
295,https://view.asiae.co.kr/article/2023041710153895777,2023-04.17 10:15
296,https://view.asiae.co.kr/article/2023041710140967917,2023-04.17 10:14
297,https://view.asiae.co.kr/article/2023041710133761983,2023-04.17 10:13
298,https://view.asiae.co.kr/article/2023041710143173757,2023-04.17 10:14
299,https://view.asiae.co.kr/article/2023042019521360299,2023-04.20 19:52
300,https://view.asiae.co.kr/article/2023042015353953545,2023-04.20 16:42
301,https://view.asiae.co.kr/article/2023042109393847540,2023-04.21 09:39
302,https://www.ajunews.com/view/20230417080628754,2023-04-17 08:14
303,https://www.ajunews.com/view/20230419130118886,2023-04-19 17:00
304,https://www.ajunews.com/view/20230420003731355,2023-04-20 08:01
305,https://www.ajunews.com/view/20230421103321386,2023-04-21 10:38
306,https://www.ajunews.com/view/20230421152448645,2023-04-21 15:28
307,https://www.yeongnam.com/web/view.php?key=20230420010002706,2023-04-20 18:05  |  2023-04-20 18:33  |  발행일2023-04-21 제0면                    
308,https://www.joongang.co.kr/article/25155572,
309,https://www.joongang.co.kr/article/25156591,
310,https://www.ccdailynews.com/news/articleView.html?idxno=2198958, 이용민 기자 2023-04.17 16:18 
311,http://www.fnnews.com/news/202304171324166103,2023-04.17 13:292023-04.17 13:29
312,http://www.fnnews.com/news/202304171028227131,2023-04.17 10:302023-04.17 10:30
313,http://www.fnnews.com/news/202304181601149827,2023-04.18 16:112023-04.18 17:25
314,http://www.fnnews.com/news/202304180838335936,2023-04.18 09:082023-04.18 09:08
315,http://www.fnnews.com/news/202304190942209394,2023-04.19 09:462023-04.19 09:46
316,http://www.fnnews.com/news/202304200813327809,2023-04.20 08:452023-04.20 09:17
317,http://www.fnnews.com/news/202304210939182983,2023-04.21 09:522023-04.21 09:52
318,https://www.hankyung.com/finance/article/2023041737271,2023-04.17 17:54
319,https://www.hankyung.com/society/article/2023041738091,2023-04.17 18:27
320,https://www.hankyung.com/society/article/2023041996101,2023-04.19 18:17
321,https://www.hankyung.com/life/article/202304202489g,2023-04.20 18:35
322,https://www.hankyung.com/society/article/202304201925h,2023-04.20 15:38
323,https://www.hankyung.com/finance/article/2023042006406,2023-04.20 09:31
324,https://hankookilbo.com/News/Read/A2023042019130000673,2023-04.20 20:302023-04.20 20:41
325,http://biz.heraldcorp.com/view.php?ud=20230417000223,2023-04.17 10:40
326,http://biz.heraldcorp.com/view.php?ud=20230417000182,2023-04.17 10:04
327,http://biz.heraldcorp.com/view.php?ud=20230421000341,2023-04.21 11:09
328,http://biz.heraldcorp.com/view.php?ud=20230421000098,2023-04.21 09:09
329,https://news.kbs.co.kr/news/view.do?ncd=7657400&amp;ref=DA,2023-04.21 08:04
330,https://news.kbs.co.kr/news/view.do?ncd=7661211&amp;ref=DA,2023-04.26 12:17
331,https://imnews.imbc.com/replay/2023/nw1200/article/6477843_36170.html,2023-04-26 12:11
332,https://imnews.imbc.com/replay/2023/nwtoday/article/6478141_36207.html,2023-04-27 07:36
333,http://www.obsnews.co.kr/news/articleView.html?idxno=1396456, 최한성 2023-04.30 12:56
334,https://news.sbs.co.kr/news/endPage.do?news_id=N1007162564&plink=ORI&cooper=ETC,작성2023-04.21 07:052023-04.21 11:25조회조회수
335,https://news.sbs.co.kr/news/endPage.do?news_id=N1007169777&plink=ORI&cooper=ETC,작성2023-04.26 21:182023-04.26 22:08조회조회수
336,https://www.ytn.co.kr/_ln/0102_202304261647225468,2023-04-26일 16:47분
337,https://www.ytn.co.kr/_ln/0102_202304262233485291,2023-04-26일 22:33분
338,https://www.ytn.co.kr/_ln/0102_202304261206066726,2023-04-26일 12:06분
339,https://www.ytn.co.kr/_ln/0107_202304271645303914,2023-04-27일 16:45분
340,https://www.kyeonggi.com/article/20230425580144,2023-04-25 16:16
341,https://www.kyeonggi.com/article/20230426580165,2023-04-26 16:03
342,https://www.kyeonggi.com/article/20230425580144,2023-04-25 16:16
343,https://www.khan.co.kr/sports/basketball-volleyball/article/202304252225005, :2023-04.25 22:25
344,https://www.khan.co.kr/economy/economy-general/article/202304262213005, :2023-04.26 22:13
345,https://www.khan.co.kr/economy/economy-general/article/202304261356001, :2023-04.26 13:56 :2023-04.26 17:55
346,https://www.khan.co.kr/sports/basketball-volleyball/article/202304280009035, :2023-04.28 00:09 :2023-04.28 09:33
347,https://news.kmib.co.kr/article/view.asp?arcid=0018181910&code=61141111&cp=kd,2023-04-23 00:03
348,https://news.kmib.co.kr/article/view.asp?arcid=0924298230&code=13230000,2023-04-24 04:08
349,https://news.kmib.co.kr/article/view.asp?arcid=0018197501&code=61151111&cp=kd,2023-04-25 17:56
350,https://news.kmib.co.kr/article/view.asp?arcid=0924298976&code=11132000,2023-04-27 04:04
351,https://news.kmib.co.kr/article/view.asp?arcid=0018214051&code=61171811&cp=kd,2023-04-30 16:10
352,https://www.donga.com/news/Society/article/all/20230425/118988034/1,2023-04-25 03:00
353,https://www.donga.com/news/Economy/article/all/20230426/119013861/1,2023-04-26 11:24
354,https://www.donga.com/news/Economy/article/all/20230426/119027027/1,2023-04-27 03:00
355,https://www.donga.com/news/Culture/article/all/20230430/119080665/1,2023-04-30 20:39
356,http://www.dt.co.kr/contents.html?article_no=2023042302109932031005&ref=jeadan, :2023-04-23 14:39
357,http://www.dt.co.kr/contents.html?article_no=2023042302109932031004&ref=jeadan, :2023-04-23 10:15
358,http://www.dt.co.kr/contents.html?article_no=2023043002109932064004&ref=jeadan, :2023-04-30 14:38
359,http://news.moneytoday.co.kr/view/mtview.php?no=2023042107491792799&type=2,2023-04.21 08:01
360,http://news.moneytoday.co.kr/view/mtview.php?no=2023042514412920008&type=2,2023-04.25 14:49
361,http://news.moneytoday.co.kr/view/mtview.php?no=2023042616190537174&type=2,2023-04.26 16:58
362,http://news.moneytoday.co.kr/view/mtview.php?no=2023042609264962624&type=2,2023-04.26 12:00
363,http://news.moneytoday.co.kr/view/mtview.php?no=2023042616351181001&type=2,2023-04.27 06:13
364,https://www.busan.com/view/busan/view.php?code=2023042108003101347,                     :2023-04-21 08:00:48                    
365,https://www.busan.com/view/busan/view.php?code=2023042616145860188,                     :2023-04-26 16:24:02                    
366,https://www.busan.com/view/busan/view.php?code=2023042613182022618,                     :2023-04-26 13:18:38                    
367,https://www.busan.com/view/busan/view.php?code=2023043016160362344,                     :2023-04-30 16:16:23                    
368,http://www.sedaily.com/NewsView/29ODZV8O27,2023-04-21 08:17
369,http://www.sedaily.com/NewsView/29OGC2OZOX,2023-04-26 15:18
370,http://www.segye.com/content/html/2023/04/20/20230420517994.html, :2023-04-21 01:00:00  :2023-04-20 15:29:58
371,http://www.segye.com/content/html/2023/04/23/20230423507754.html, :2023-04-23 20:39:11  :2023-04-23 20:39:10
372,http://www.segye.com/content/html/2023/04/25/20230425509567.html, :2023-04-25 13:03:11  :2023-04-25 13:03:10
373,http://www.segye.com/content/html/2023/04/26/20230426516049.html, :2023-04-26 19:03:03  :2023-04-27 02:19:23
374,http://www.segye.com/content/html/2023/04/27/20230427517709.html, :2023-04-27 17:22:58  :2023-04-27 17:22:57
375,http://www.segye.com/content/html/2023/04/28/20230428500669.html, :2023-04-28 07:00:00  :2023-04-28 01:59:41
376,http://www.segye.com/content/html/2023/04/27/20230427517436.html, :2023-04-28 06:00:00  :2023-04-28 00:30:01
377,https://view.asiae.co.kr/article/2023042516451803673,2023-04.25 17:302023-04.26 09:25
378,https://view.asiae.co.kr/article/2023042516053154800,2023-04.25 16:05
379,https://view.asiae.co.kr/article/2023042515504569338,2023-04.25 15:50
380,https://view.asiae.co.kr/article/2023042608314491420,2023-04.26 08:31
381,https://view.asiae.co.kr/article/2023042611383210284,2023-04.26 12:00
382,https://www.ajunews.com/view/20230425072845190,2023-04-25 07:32
383,https://www.ajunews.com/view/20230426061953102,2023-04-26 06:22
384,https://www.ajunews.com/view/20230426100010302,2023-04-26 10:05
385,https://www.ajunews.com/view/20230426095945299,2023-04-26 12:00
386,https://www.yeongnam.com/web/view.php?key=20230425010003237,2023-04-25 16:52  |  2023-04-25 16:59  |  발행일2023-04-26 제13면                    
387,http://www.etnews.com/20230426000169,발행일 :2023-04-26 12:00
388,http://www.joongdo.co.kr/web/view.php?key=20230423010006966,2023-04-23 10:47
389,https://www.joongang.co.kr/article/25158026,
390,https://www.joongang.co.kr/article/25158027,
391,http://www.fnnews.com/news/202304210541470191,2023-04.21 06:052023-04.21 06:05
392,http://www.fnnews.com/news/202304210725575853,2023-04.21 08:032023-04.21 08:03
393,http://www.fnnews.com/news/202304240849350302,2023-04.24 09:102023-04.24 09:10
394,http://www.fnnews.com/news/202304251830037159,2023-04.25 18:302023-04.25 18:43
395,http://www.fnnews.com/news/202304251512112834,2023-04.25 15:282023-04.25 15:28
396,http://www.fnnews.com/news/202304251348090579,2023-04.25 13:512023-04.25 13:51
397,http://www.fnnews.com/news/202304261025234845,2023-04.26 10:272023-04.26 10:45
398,http://www.fnnews.com/news/202304261053412241,2023-04.26 12:002023-04.26 12:10
399,http://www.hani.co.kr/arti/economy/economy_general/1089478.html,2023-04-26 16:222023-04-27 02:50
400,http://www.hani.co.kr/arti/society/labor/1089784.html,2023-04-28 08:002023-04-28 09:46
401,https://www.hankyung.com/life/article/2023042513221,2023-04.25 16:23
402,https://www.hankyung.com/society/article/202304251118h,2023-04.25 11:31
403,https://www.hankyung.com/economy/article/2023042654641,2023-04.26 18:08
404,https://www.hankyung.com/life/article/202304263480g,2023-04.26 12:00
405,https://hankookilbo.com/News/Read/A2023042614170005572,2023-04.26 14:442023-04.26 14:50
406,http://biz.heraldcorp.com/view.php?ud=20230421000028,2023-04.21 07:21
407,http://biz.heraldcorp.com/view.php?ud=20230425000636,2023-04.25 15:41
408,http://biz.heraldcorp.com/view.php?ud=20230425000129,2023-04.25 09:24
409,http://biz.heraldcorp.com/view.php?ud=20230426000630,2023-04.26 14:07
410,http://biz.heraldcorp.com/view.php?ud=20230428000692,2023-04.29 09:50
411,http://biz.heraldcorp.com/view.php?ud=20230430000155,2023-04.30 18:10
412,https://news.kbs.co.kr/news/view.do?ncd=7665058&amp;ref=DA,2023-05.01 21:37
413,https://news.kbs.co.kr/news/view.do?ncd=7664959&amp;ref=DA,2023-05.01 19:28
414,https://news.kbs.co.kr/news/view.do?ncd=7665335&amp;ref=DA,2023-05.02 07:43
415,https://news.kbs.co.kr/news/view.do?ncd=7665332&amp;ref=DA,2023-05.02 07:41
416,https://news.kbs.co.kr/news/view.do?ncd=7665705&amp;ref=DA,2023-05.02 12:50
417,http://www.obsnews.co.kr/news/articleView.html?idxno=1396957, 최한성 2023-05.03 18:18
418,https://www.ytn.co.kr/_ln/0104_202304300319060145,2023-04-30일 03:19분
419,https://www.ytn.co.kr/_ln/0102_202305031622468738,2023-05-03일 16:22분
420,https://www.ytn.co.kr/_ln/0101_202305031604195777,2023-05-03일 16:04분
421,https://www.khan.co.kr/economy/businessman/article/202305032017001, :2023-05.03 20:17 :2023-05.03 20:19
422,https://news.kmib.co.kr/article/view.asp?arcid=0924299376&code=11151400,2023-05-01 04:05
423,https://news.kmib.co.kr/article/view.asp?arcid=0018224914&code=61141411&cp=kd,2023-05-03 16:18
424,https://news.kmib.co.kr/article/view.asp?arcid=0018224422&code=61141411&cp=kd,2023-05-03 16:03
425,https://news.kmib.co.kr/article/view.asp?arcid=0018224295&code=61141411&cp=kd,2023-05-03 14:42
426,https://news.kmib.co.kr/article/view.asp?arcid=0018224149&code=61121111&cp=kd,2023-05-03 14:17
427,https://www.donga.com/news/Economy/article/all/20230430/119081535/1,2023-05-01 03:00
428,https://www.donga.com/news/Culture/article/all/20230503/119128685/1,2023-05-03 17:14
429,https://www.donga.com/news/People/article/all/20230503/119113920/1,2023-05-03 03:00
430,http://www.dt.co.kr/contents.html?article_no=2023050302109931081006&ref=jeadan, :2023-05-03 16:39
431,http://www.dt.co.kr/contents.html?article_no=2023050302109932031002&ref=jeadan, :2023-05-03 16:43
432,http://www.dt.co.kr/contents.html?article_no=2023050302109954057001&ref=jeadan, :2023-05-03 14:24
433,http://news.moneytoday.co.kr/view/mtview.php?no=2023050314224740255&type=2,2023-05.03 14:39
434,http://www.munhwa.com/news/view.html?no=2023050301039907084002,023-05-03 14:12ОїЕЅРЬЦЎ2023-05-03 14:29
435,https://www.busan.com/view/busan/view.php?code=2023050314531132242,                     :2023-05-03 14:53:38                    
436,https://www.busan.com/view/busan/view.php?code=2023050310515700706,                     :2023-05-03 10:52:10   :2023-05-03 12:18:46                    
437,http://www.sedaily.com/NewsView/29PFQGN791,2023-05-03 18:00
438,http://www.sedaily.com/NewsView/29PFPPMRZL,2023-05-03 17:56
439,http://www.sedaily.com/NewsView/29PFP38EXL,2023-05-03 13:03
440,http://www.sedaily.com/NewsView/29PFOU0YYB,2023-05-03 13:05
441,http://www.segye.com/content/html/2023/05/02/20230502516238.html, :2023-05-02 17:26:58  :2023-05-02 17:26:58
442,http://www.segye.com/content/html/2023/05/02/20230502515634.html, :2023-05-02 18:23:06  :2023-05-02 21:07:55
443,http://www.segye.com/content/html/2023/05/03/20230503516178.html, :2023-05-03 20:49:30  :2023-05-03 20:49:29
444,http://www.segye.com/content/html/2023/05/03/20230503516156.html, :2023-05-03 20:18:20  :2023-05-03 20:18:20
445,http://www.segye.com/content/html/2023/05/03/20230503510840.html, :2023-05-03 14:12:16  :2023-05-03 14:12:15
446,https://view.asiae.co.kr/article/2023043009350079545,2023-04.30 10:00
447,https://view.asiae.co.kr/article/2023050316380003645,2023-05.03 16:38
448,https://view.asiae.co.kr/article/2023050310405905043,2023-05.03 10:40
449,https://view.asiae.co.kr/article/2023050310205844276,2023-05.03 10:20
450,https://view.asiae.co.kr/article/2023050310201235426,2023-05.03 10:20
451,https://view.asiae.co.kr/article/2023050310190315650,2023-05.03 10:19
452,https://view.asiae.co.kr/article/2023050310412611255,2023-05.03 10:41
453,https://view.asiae.co.kr/article/2023050310415020187,2023-05.03 10:41
454,https://view.asiae.co.kr/article/2023050310192921849,2023-05.03 10:19
455,https://www.ajunews.com/view/20230501095855341,2023-05-01 12:42
456,https://www.ajunews.com/view/20230503160627487,2023-05-03 16:17
457,https://www.ajunews.com/view/20230503150226384,2023-05-03 20:46
458,http://www.etnews.com/20230430000017,발행일 :2023-04-30 10:27
459,http://www.etnews.com/20230502000195,발행일 :2023-05-02 13:44
460,http://www.etnews.com/20230503000282,발행일 :2023-05-03 16:23
461,http://www.etnews.com/20230503000230,발행일 :2023-05-03 14:32
462,https://www.joongang.co.kr/article/25159005,
463,https://www.joongang.co.kr/article/25159274,
464,https://www.joongang.co.kr/article/25159869,
465,https://www.joongang.co.kr/article/25159851,
466,https://www.joongang.co.kr/article/25159871,
467,https://www.joongang.co.kr/article/25159753,
468,http://www.fnnews.com/news/202304300852554631,2023-04.30 10:442023-04.30 10:44
469,http://www.fnnews.com/news/202305021804226934,2023-05.02 18:042023-05.02 18:04
470,http://www.fnnews.com/news/202305021826201368,2023-05.02 18:262023-05.02 22:47
471,http://www.fnnews.com/news/202305021510160182,2023-05.02 16:272023-05.02 22:46
472,http://www.fnnews.com/news/202305020748059916,2023-05.02 07:512023-05.02 07:51
473,http://www.fnnews.com/news/202305031501537892,2023-05.03 16:072023-05.03 16:07
474,http://www.fnnews.com/news/202305031829429540,2023-05.03 18:292023-05.03 18:29
475,http://www.fnnews.com/news/202305031812028853,2023-05.03 18:122023-05.03 18:12
476,http://www.fnnews.com/news/202305031803232862,2023-05.03 18:032023-05.03 18:45
477,http://www.fnnews.com/news/202305030905277595,2023-05.03 09:072023-05.03 09:07
478,http://www.fnnews.com/news/202305031153210080,2023-05.03 14:102023-05.03 17:05
479,http://www.hani.co.kr/arti/society/society_general/1090295.html,2023-05-02 18:542023-05-02 22:41
480,http://www.hani.co.kr/arti/economy/marketing/1090449.html,2023-05-03 18:432023-05-03 18:48
481,https://www.hankyung.com/economy/article/202304303392i,2023-04.30 09:54
482,https://www.hankyung.com/economy/article/2023050153861,2023-05.01 17:12
483,https://www.hankyung.com/society/article/2023050283951,2023-05.02 18:34
484,https://www.hankyung.com/economy/article/2023050265871,2023-05.02 16:08
485,https://www.hankyung.com/economy/article/2023050266231,2023-05.02 16:03
486,https://www.hankyung.com/economy/article/202305030816i,2023-05.03 15:42
487,https://www.hankyung.com/economy/article/202305031195i,2023-05.03 17:25
488,https://www.hankyung.com/life/article/202305031401g,2023-05.03 20:00
489,https://www.hankyung.com/economy/article/202305031207g,2023-05.03 17:52
490,https://www.hankyung.com/economy/article/2023050312431,2023-05.03 17:33
491,https://www.hankyung.com/life/article/202305030420g,2023-05.03 14:04
492,http://biz.heraldcorp.com/view.php?ud=20230501000511,2023-05.01 16:07
493,http://biz.heraldcorp.com/view.php?ud=20230503000670,2023-05.03 16:16
494,http://biz.heraldcorp.com/view.php?ud=20230503000664,2023-05.03 16:06
495,http://biz.heraldcorp.com/view.php?ud=20230503000225,2023-05.03 10:24
496,http://biz.heraldcorp.com/view.php?ud=20230503000222,2023-05.03 10:23
497,http://biz.heraldcorp.com/view.php?ud=20230503000221,2023-05.03 10:23
498,http://biz.heraldcorp.com/view.php?ud=20230503000556,2023-05.03 14:13
499,https://news.kbs.co.kr/news/view.do?ncd=7668690&amp;ref=DA,2023-05.05 13:59
500,https://news.kbs.co.kr/news/view.do?ncd=7668677&amp;ref=DA,2023-05.05 12:00
501,https://news.kbs.co.kr/news/view.do?ncd=7668552&amp;ref=DA,2023-05.05 09:49
502,https://imnews.imbc.com/replay/2023/nwtoday/article/6481314_36207.html,2023-05-08 06:52
503,https://www.ytn.co.kr/_ln/0115_202305051807565332,2023-05-05일 18:07분
504,https://www.ytn.co.kr/_ln/0115_202305051226110287,2023-05-05일 12:26분
505,https://www.ytn.co.kr/_ln/0115_202305051139263756,2023-05-05일 11:39분
506,https://www.ytn.co.kr/_ln/0102_202305081740096434,2023-05-08일 17:40분
507,http://www.idomin.com/news/articleView.html?idxno=824324, 이현희 기자 hee@idomin.com노출 2023-05-08 17:00 -
508,http://www.kyeongin.com/main/view.php?key=20230506010000967,2023-05-07 19:522023-05-07 19:56 아이콘ⓘ2023-05-08 14면
509,https://www.khan.co.kr/local/local-general/article/202305051419001, :2023-05.05 14:19 :2023-05.05 16:31
510,https://news.kmib.co.kr/article/view.asp?arcid=0018229488&code=61171811&cp=kd,2023-05-04 17:29
511,https://news.kmib.co.kr/article/view.asp?arcid=0924300415&code=11131100,2023-05-05 04:04
512,http://www.naeil.com/news_view/?id_art=459722,2023-06-27일  |  1면
513,https://www.donga.com/news/Culture/article/all/20230503/119121212/1,2023-05-03 12:44
514,https://www.donga.com/news/Society/article/all/20230504/119147692/2,2023-05-04 17:46
515,https://www.donga.com/news/Economy/article/all/20230503/119133843/1,2023-05-04 03:00
516,https://www.donga.com/news/Society/article/all/20230505/119150479/1,2023-05-05 03:00
517,http://www.dt.co.kr/contents.html?article_no=2023050402109958044001&ref=jeadan, :2023-05-04 13:20
518,http://www.dt.co.kr/contents.html?article_no=2023050502109954783002&ref=jeadan, :2023-05-05 11:09
519,http://www.dt.co.kr/contents.html?article_no=2023050802109954783007&ref=jeadan, :2023-05-08 17:02
520,http://news.moneytoday.co.kr/view/mtview.php?no=2023050407294948401&type=2,2023-05.04 08:16
521,http://news.moneytoday.co.kr/view/mtview.php?no=2023050408023329143&type=2,2023-05.04 08:30
522,http://news.moneytoday.co.kr/view/mtview.php?no=2023050409005328595&type=2,2023-05.04 09:07
523,http://news.moneytoday.co.kr/view/mtview.php?no=2023050408003733209&type=2,2023-05.04 08:26
524,http://news.moneytoday.co.kr/view/mtview.php?no=2023050513093799144&type=2,2023-05.05 13:14
525,http://news.moneytoday.co.kr/view/mtview.php?no=2023050310142533460&type=2,2023-05.06 08:00
526,http://www.munhwa.com/news/view.html?no=2023050301071418184001,023-05-03 11:47
527,http://www.munhwa.com/news/view.html?no=2023050401039907084001,023-05-04 10:17ОїЕЅРЬЦЎ2023-05-04 11:54
528,https://www.busan.com/view/busan/view.php?code=2023050410153554949,                     :2023-05-04 10:15:51   :2023-05-04 18:34:37                    
529,https://www.busan.com/view/busan/view.php?code=2023050608523666973,                     :2023-05-06 08:53:03                    
530,https://www.busan.com/view/busan/view.php?code=2023050914322752285,                     :2023-05-09 14:33:43                    
531,http://www.sedaily.com/NewsView/29PGM7JJ4K,2023-05-05 11:02
532,http://www.sedaily.com/NewsView/29PHIYVJHO,2023-05-07 09:00
533,http://www.sedaily.com/NewsView/29PIH09HQ5,2023-05-09 16:14
534,http://www.segye.com/content/html/2023/05/05/20230505506399.html, :2023-05-05 14:08:57  :2023-05-05 14:08:57
535,http://www.segye.com/content/html/2023/05/04/20230504514029.html, :2023-05-05 05:00:00  :2023-05-04 15:54:08
536,https://view.asiae.co.kr/article/2023050311045543274,2023-05.03 12:05
537,https://view.asiae.co.kr/article/2023050411143548723,2023-05.04 11:142023-05.04 11:35
538,https://view.asiae.co.kr/article/2023050407505565954,2023-05.04 07:50
539,https://view.asiae.co.kr/article/2023050409340857646,2023-05.04 09:34
540,https://view.asiae.co.kr/article/2023050513472567883,2023-05.05 13:47
541,https://view.asiae.co.kr/article/2023050518444367336,2023-05.05 18:442023-05.05 21:57
542,https://view.asiae.co.kr/article/2023050511052188089,2023-05.05 11:052023-05.05 11:24
543,https://www.ajunews.com/view/20230503122310203,2023-05-03 12:25
544,https://www.ajunews.com/view/20230503131234236,2023-05-03 13:30
545,https://www.ajunews.com/view/20230504080717718,2023-05-04 08:35
546,https://www.ajunews.com/view/20230508223657942,2023-05-08 22:43
547,http://www.etnews.com/20230504000225,발행일 :2023-05-04 15:45
548,http://www.etnews.com/20230504000096,발행일 :2023-05-07 11:00
549,http://www.etnews.com/20230509000232,발행일 :2023-05-09 14:23
550,https://www.joongang.co.kr/article/25160053,
551,https://www.joongang.co.kr/article/25159985,
552,https://www.joongang.co.kr/article/25160049,
553,https://www.joongang.co.kr/article/25160351,
554,https://www.joongang.co.kr/article/25160611,
555,https://www.joongang.co.kr/article/25160636,
556,https://www.joongang.co.kr/article/25160709,
557,https://www.ccdailynews.com/news/articleView.html?idxno=2202834, 목성균 기자 2023-05.05 19:20 
558,http://www.fnnews.com/news/202305031212308086,2023-05.03 12:152023-05.03 12:16
559,http://www.fnnews.com/news/202305041054420358,2023-05.04 10:562023-05.04 10:56
560,http://www.fnnews.com/news/202305040935589894,2023-05.04 09:382023-05.04 09:38
561,http://www.fnnews.com/news/202305040729069288,2023-05.04 08:042023-05.04 08:04
562,http://www.hani.co.kr/arti/area/capital/1090681.html,2023-05-05 11:312023-05-05 12:52
563,http://www.hani.co.kr/arti/economy/economy_general/1090706.html,2023-05-06 09:002023-05-08 08:37
564,http://www.hani.co.kr/arti/sports/volleyball/1090754.html,2023-05-07 15:032023-05-08 13:36
565,http://www.hani.co.kr/arti/economy/marketing/1090963.html,2023-05-08 19:182023-05-08 19:22
566,http://www.hani.co.kr/arti/sports/volleyball/1091042.html,2023-05-09 14:522023-05-10 02:33
567,https://www.hankyung.com/finance/article/2023050424866,2023-05.04 08:27
568,https://www.hankyung.com/life/article/202305031299i,2023-05.04 09:10
569,https://www.hankyung.com/society/article/2023050558041,2023-05.05 18:07
570,https://www.hankyung.com/life/article/2023050552997,2023-05.05 11:07
571,https://www.hankyung.com/economy/article/2023050777931,2023-05.07 18:12
572,https://hankookilbo.com/News/Read/A2023050322460001407,2023-05.04 04:30
573,https://hankookilbo.com/News/Read/A2023050513360000941,2023-05.05 13:552023-05.05 18:39
574,https://hankookilbo.com/News/Read/A2023050513250004569,2023-05.05 17:30
575,https://hankookilbo.com/News/Read/A2023050511590003233,2023-05.05 15:142023-05.05 16:43
576,https://hankookilbo.com/News/Read/A2023050716530005451,2023-05.08 21:592023-05.08 22:01
577,http://biz.heraldcorp.com/view.php?ud=20230503000503,2023-05.03 12:21
578,http://biz.heraldcorp.com/view.php?ud=20230504000331,2023-05.04 11:13
579,http://biz.heraldcorp.com/view.php?ud=20230504000372,2023-05.04 11:19
580,http://biz.heraldcorp.com/view.php?ud=20230504000129,2023-05.04 09:33
581,http://biz.heraldcorp.com/view.php?ud=20230506000038,2023-05.06 11:21
582,http://www.obsnews.co.kr/news/articleView.html?idxno=1397642, 최한성 2023-05.09 17:52
583,https://news.sbs.co.kr/news/endPage.do?news_id=N1007183848&plink=ORI&cooper=ETC,작성2023-05.09 07:49조회조회수
584,https://www.ytn.co.kr/_ln/0107_202305091702400534,2023-05-09일 17:02분
585,https://www.ytn.co.kr/_ln/0104_202305102019580798,2023-05-10일 20:19분
586,https://www.ytn.co.kr/_ln/0102_202305121614436862,2023-05-12일 16:14분
587,http://www.idomin.com/news/articleView.html?idxno=824810, 이현희 기자 hee@idomin.com노출 2023-05-14 15:46 일 
588,http://www.kyeongin.com/main/view.php?key=20230510010001976,2023-05-10 19:26 아이콘ⓘ2023-05-11 16면
589,http://www.kyeongin.com/main/view.php?key=20230511010002198,2023-05-11 20:24 아이콘ⓘ2023-05-12 9면
590,http://www.kyeongin.com/main/view.php?key=20230514010002448,2023-05-14 19:35 아이콘ⓘ2023-05-15 11면
591,https://www.khan.co.kr/sports/basketball-volleyball/article/202305092227005, :2023-05.09 22:27
592,https://www.khan.co.kr/sports/sports-general/article/202305112256005, :2023-05.11 22:56
593,https://www.khan.co.kr/economy/market-trend/article/202305110918001, :2023-05.11 09:18 :2023-05.11 09:41
594,https://news.kmib.co.kr/article/view.asp?arcid=0018242627&code=61161911&cp=kd,2023-05-09 15:07
595,https://news.kmib.co.kr/article/view.asp?arcid=0018242369&code=61171811&cp=kd,2023-05-09 14:20
596,https://news.kmib.co.kr/article/view.asp?arcid=0924300951&code=12110000,2023-05-10 04:03
597,https://news.kmib.co.kr/article/view.asp?arcid=0018252374&code=61172311&cp=kd,2023-05-12 06:01
598,https://news.kmib.co.kr/article/view.asp?arcid=0924301769&code=11171452,2023-05-15 04:04
599,http://www.naeil.com/news_view/?id_art=460122,2023-06-27일  |  1면
600,http://www.naeil.com/news_view/?id_art=460586,2023-06-27일  |  1면
601,http://www.naeil.com/news_view/?id_art=460798,2023-06-27일  |  1면
602,https://www.donga.com/news/Culture/article/all/20230509/119208015/1,2023-05-09 15:10
603,https://www.donga.com/news/Sports/article/all/20230510/119216643/1,2023-05-10 03:00
604,https://www.donga.com/news/Economy/article/all/20230511/119242017/1,2023-05-11 11:23
605,https://www.donga.com/news/Culture/article/all/20230512/119263411/1,2023-05-12 14:03
606,http://www.dt.co.kr/contents.html?article_no=2023050902109932064003&ref=jeadan, :2023-05-09 10:17
607,http://www.dt.co.kr/contents.html?article_no=2023051102109932031004&ref=jeadan, :2023-05-11 15:27
608,http://www.dt.co.kr/contents.html?article_no=2023051202101032031001&ref=jeadan, :2023-05-11 14:30
609,http://news.moneytoday.co.kr/view/mtview.php?no=2023051014124889534&type=2,2023-05.10 17:06
610,http://news.moneytoday.co.kr/view/mtview.php?no=2023051114025735415&type=2,2023-05.11 14:17
611,http://news.moneytoday.co.kr/view/mtview.php?no=2023051209260246324&type=2,2023-05.12 09:52
612,http://www.munhwa.com/news/view.html?no=2023051101039905015001,023-05-11 10:36
613,http://www.munhwa.com/news/view.html?no=2023051401039910287003,023-05-14 18:49ОїЕЅРЬЦЎ2023-05-14 18:50
614,https://www.busan.com/view/busan/view.php?code=2023051209483982499,                     :2023-05-12 09:49:30                    
615,https://www.busan.com/view/busan/view.php?code=2023051517424955774,                     :2023-05-15 17:43:02                    
616,http://www.sedaily.com/NewsView/29PIGH3Q2H,2023-05-09 10:21
617,http://www.sedaily.com/NewsView/29PJTBN7Y5,2023-05-12 10:32
618,http://www.segye.com/content/html/2023/05/09/20230509519634.html, :2023-05-09 20:31:18  :2023-05-09 23:06:14
619,http://www.segye.com/content/html/2023/05/09/20230509505736.html, :2023-05-09 09:13:58  :2023-05-29 17:52:17
620,http://www.segye.com/content/html/2023/05/09/20230509508094.html, :2023-05-09 10:17:20  :2023-05-09 10:17:14
621,http://www.segye.com/content/html/2023/05/11/20230511515519.html, :2023-05-11 14:31:27  :2023-05-11 14:31:26
622,http://www.segye.com/content/html/2023/05/11/20230511521437.html, :2023-05-11 20:16:24  :2023-05-11 22:43:04
623,http://www.segye.com/content/html/2023/05/12/20230512513051.html, :2023-05-12 14:16:56  :2023-05-12 14:16:55
624,http://www.segye.com/content/html/2023/05/13/20230513502651.html, :2023-05-13 09:30:00  :2023-05-13 09:29:18
625,http://www.segye.com/content/html/2023/05/13/20230513505239.html, :2023-05-13 09:33:00  :2023-05-13 09:15:54
626,http://www.segye.com/content/html/2023/05/14/20230514513286.html, :2023-05-14 20:49:49  :2023-05-14 22:18:52
627,http://www.segye.com/content/html/2023/05/14/20230514504833.html, :2023-05-14 09:33:00  :2023-05-14 09:02:16
628,http://www.segye.com/content/html/2023/05/14/20230514504766.html, :2023-05-14 09:31:00  :2023-05-14 09:00:46
629,https://view.asiae.co.kr/article/2023050908494416865,2023-05.09 08:49
630,https://view.asiae.co.kr/article/2023051208442708307,2023-05.12 08:44
631,https://view.asiae.co.kr/article/2023051514564094327,2023-05.15 14:56
632,https://view.asiae.co.kr/article/2023051508121730742,2023-05.15 08:12
633,https://www.ajunews.com/view/20230509145855527,2023-05-09 18:20
634,https://www.ajunews.com/view/20230510151221499,2023-05-11 05:50
635,https://www.ajunews.com/view/20230512171747167,2023-05-12 19:35
636,https://www.ajunews.com/view/20230512093546791,2023-05-12 09:42
637,https://www.ajunews.com/view/20230515113314044,2023-05-15 13:56
638,https://www.yeongnam.com/web/view.php?key=20230509010001175,2023-05-09 16:48  |  2023-05-10 07:50  |  발행일2023-05-10 제13면                    
639,https://www.joongang.co.kr/article/25161040,
640,http://www.fnnews.com/news/202305091752133891,2023-05.09 17:522023-05.09 17:52
641,http://www.fnnews.com/news/202305090638382416,2023-05.09 07:122023-05.09 16:49
642,http://www.fnnews.com/news/202305090857143389,2023-05.09 09:232023-05.09 09:23
643,http://www.fnnews.com/news/202305091013042049,2023-05.09 11:172023-05.09 11:17
644,http://www.fnnews.com/news/202305110951495327,2023-05.11 09:552023-05.11 09:55
645,http://www.fnnews.com/news/202305120915473051,2023-05.12 09:252023-05.12 09:25
646,http://www.fnnews.com/news/202305151437351037,2023-05.15 16:062023-05.15 16:06
647,http://www.fnnews.com/news/202305151538278326,2023-05.15 17:192023-05.15 17:19
648,http://www.fnnews.com/news/202305151816177366,2023-05.15 18:162023-05.15 18:16
649,http://www.fnnews.com/news/202305151834466617,2023-05.15 18:342023-05.15 18:34
650,http://www.fnnews.com/news/202305151837170521,2023-05.15 18:372023-05.15 18:37
651,http://www.fnnews.com/news/202305151002407571,2023-05.15 10:182023-05.15 10:18
652,http://www.hani.co.kr/arti/area/capital/1091379.html,2023-05-11 14:452023-05-11 14:49
653,https://www.hankyung.com/life/article/202305092894g,2023-05.09 19:00
654,https://www.hankyung.com/society/article/202305117375h,2023-05.11 09:30
655,https://www.hankyung.com/society/article/2023051219151,2023-05.12 18:15
656,https://hankookilbo.com/News/Read/A2023050908450005154,2023-05.09 11:302023-05.09 11:32
657,https://www.hankookilbo.com/News/Read/A2023051211480004975,2023-05.14 07:002023-05.15 13:32
658,http://biz.heraldcorp.com/view.php?ud=20230509000342,2023-05.09 11:12
659,http://biz.heraldcorp.com/view.php?ud=20230509000160,2023-05.09 09:45
660,http://biz.heraldcorp.com/view.php?ud=20230510000538,2023-05.10 13:37
661,http://biz.heraldcorp.com/view.php?ud=20230510000781,2023-05.10 18:24
662,http://biz.heraldcorp.com/view.php?ud=20230512000356,2023-05.12 11:20
663,http://biz.heraldcorp.com/view.php?ud=20230512000128,2023-05.12 09:37
664,https://news.kbs.co.kr/news/view.do?ncd=7678353&amp;ref=DA,2023-05.18 07:31
665,https://imnews.imbc.com/replay/2023/nw1200/article/6484955_36170.html,2023-05-18 12:12
666,https://imnews.imbc.com/replay/2023/nwtoday/article/6484810_36207.html,2023-05-18 06:17
667,https://imnews.imbc.com/replay/2023/nwtoday/article/6484792_36207.html,2023-05-18 06:02
668,https://imnews.imbc.com/replay/2023/nw930/article/6484892_36191.html,2023-05-18 09:50
669,https://news.sbs.co.kr/news/endPage.do?news_id=N1007195819&plink=ORI&cooper=ETC,작성2023-05.18 06:39조회조회수
670,https://www.ytn.co.kr/_ln/0104_202305182342239903,2023-05-18일 23:42분
671,https://www.ytn.co.kr/_ln/0104_202305180017216646,2023-05-18일 00:17분
672,https://www.kyeonggi.com/article/20230516580073,2023-05-16 13:42
673,http://www.kyeongin.com/main/view.php?key=20230512010002381,2023-05-14 19:362023-05-14 19:44 아이콘ⓘ2023-05-15 11면
674,http://www.kyeongin.com/main/view.php?key=20230516010002953,2023-05-16 11:512023-05-16 19:37 아이콘ⓘ2023-05-17 16면
675,http://www.kyeongin.com/main/view.php?key=20230515010002757,2023-05-15 20:13 아이콘ⓘ2023-05-16 16면
676,http://www.kyeongin.com/main/view.php?key=20230517010003313,2023-05-17 19:39 아이콘ⓘ2023-05-18 16면
677,https://www.khan.co.kr/economy/economy-general/article/202305172126015, :2023-05.17 21:26 :2023-05.17 22:22
678,https://www.khan.co.kr/economy/economy-general/article/202305171702001, :2023-05.17 17:02 :2023-05.17 19:35
679,https://www.khan.co.kr/economy/economy-general/article/202305181406001, :2023-05.18 14:06 :2023-05.18 17:33
680,https://www.khan.co.kr/economy/market-trend/article/202305181401001, :2023-05.18 14:01 :2023-05.18 17:45
681,https://www.khan.co.kr/economy/economy-general/article/202305182218025, :2023-05.18 22:18 :2023-05.18 22:55
682,https://news.kmib.co.kr/article/view.asp?arcid=0924302077&code=11151100,2023-05-16 04:03
683,https://news.kmib.co.kr/article/view.asp?arcid=0018276073&code=61141111&cp=kd,2023-05-18 17:22
684,https://news.kmib.co.kr/article/view.asp?arcid=0924302576&code=11141500,2023-05-18 04:07
685,http://www.naeil.com/news_view/?id_art=461209,2023-06-27일  |  1면
686,https://www.donga.com/news/Culture/article/all/20230517/119351381/1,2023-05-17 23:52
687,https://www.donga.com/news/Economy/article/all/20230516/119327026/1,2023-05-17 03:00
688,http://www.dt.co.kr/contents.html?article_no=2023051602109923065001&ref=jeadan, :2023-05-16 14:00
689,http://www.dt.co.kr/contents.html?article_no=2023051802109932031006&ref=jeadan, :2023-05-18 16:56
690,http://news.moneytoday.co.kr/view/mtview.php?no=2023051508180162232&type=2,2023-05.15 08:53
691,http://news.moneytoday.co.kr/view/mtview.php?no=2023051722304446871&type=2,2023-05.17 23:20
692,http://news.moneytoday.co.kr/view/mtview.php?no=2023051811023570959&type=2,2023-05.18 11:31
693,http://www.munhwa.com/news/view.html?no=2023051601071807084001,023-05-16 11:46
694,http://www.munhwa.com/news/view.html?no=2023051701039939083001,023-05-17 09:57
695,https://www.busan.com/view/busan/view.php?code=2023051818101689200,                     :2023-05-18 18:15:45                    
696,http://www.sedaily.com/NewsView/29PM6UU3UL,2023-05-17 23:59
697,http://www.sedaily.com/NewsView/29PMLA0BDB,2023-05-18 13:37
698,http://www.sedaily.com/NewsView/29PMKWTOBA,2023-05-18 12:50
699,http://www.sedaily.com/NewsView/29PMLJJLBB,2023-05-18 17:00
700,http://www.sedaily.com/NewsView/29PMJXC75Z,2023-05-18 06:20
701,http://www.segye.com/content/html/2023/05/15/20230515502339.html, :2023-05-15 09:30:00  :2023-05-15 07:21:30
702,http://www.segye.com/content/html/2023/05/16/20230516512536.html, :2023-05-16 12:22:59  :2023-05-16 14:13:49
703,http://www.segye.com/content/html/2023/05/16/20230516511684.html, :2023-05-16 11:49:01  :2023-05-16 14:14:09
704,http://www.segye.com/content/html/2023/05/16/20230516501908.html, :2023-05-16 03:44:19  :2023-05-16 11:59:44
705,http://www.segye.com/content/html/2023/05/17/20230517500914.html, :2023-05-17 01:50:44  :2023-05-17 01:50:42
706,http://www.segye.com/content/html/2023/05/17/20230517501093.html, :2023-05-17 01:52:09  :2023-05-17 09:08:29
707,http://www.segye.com/content/html/2023/05/18/20230518519569.html, :2023-05-18 22:00:05  :2023-05-18 22:00:04
708,http://www.segye.com/content/html/2023/05/18/20230518520961.html, :2023-05-18 21:41:56  :2023-05-18 21:41:55
709,http://www.segye.com/content/html/2023/05/18/20230518524623.html, :2023-05-18 20:36:21  :2023-05-18 20:36:20
710,http://www.segye.com/content/html/2023/05/18/20230518524402.html, :2023-05-18 20:35:29  :2023-05-18 20:39:55
711,http://www.segye.com/content/html/2023/05/17/20230517520867.html, :2023-05-18 06:00:00  :2023-05-17 23:02:31
712,http://www.segye.com/content/html/2023/05/18/20230518504522.html, :2023-05-18 07:08:07  :2023-05-18 14:23:19
713,https://view.asiae.co.kr/article/2023051509210701949,2023-05.15 09:21
714,https://view.asiae.co.kr/article/2023051709041731638,2023-05.17 11:00
715,https://view.asiae.co.kr/article/2023051814220399008,2023-05.18 14:22
716,https://view.asiae.co.kr/article/2023051814271405253,2023-05.18 14:27
717,https://view.asiae.co.kr/article/2023051800395207638,2023-05.18 00:39
718,https://www.ajunews.com/view/20230518150242775,2023-05-18 17:36
719,http://www.etnews.com/20230516000057,발행일 :2023-05-16 14:00
720,http://www.etnews.com/20230518000064,발행일 :2023-05-18 10:06
721,https://www.joongang.co.kr/article/25162853,
722,https://www.joongang.co.kr/article/25163330,
723,http://www.fnnews.com/news/202305160857589207,2023-05.16 14:002023-05.16 14:00
724,http://www.fnnews.com/news/202305181514581648,2023-05.18 15:432023-05.18 15:43
725,http://www.fnnews.com/news/202305181534188745,2023-05.18 15:392023-05.18 15:39
726,http://www.fnnews.com/news/202305181356431083,2023-05.18 14:432023-05.18 14:43
727,http://www.fnnews.com/news/202305181831413827,2023-05.18 18:312023-05.18 18:31
728,http://www.fnnews.com/news/202305181817525647,2023-05.18 18:172023-05.18 18:17
729,http://www.fnnews.com/news/202305180911010044,2023-05.18 09:262023-05.18 09:26
730,http://www.fnnews.com/news/202305180922586134,2023-05.18 09:312023-05.18 14:00
731,http://www.hani.co.kr/arti/sports/volleyball/1091766.html,2023-05-15 10:392023-05-15 10:48
732,http://www.hani.co.kr/arti/sports/volleyball/1091925.html,2023-05-16 10:522023-05-16 10:58
733,http://www.hani.co.kr/arti/economy/economy_general/1092234.html,2023-05-18 00:002023-05-19 02:50
734,https://www.hankyung.com/politics/article/202305167064i,2023-05.16 08:41
735,https://www.hankyung.com/economy/article/2023051705401,2023-05.17 16:05
736,https://www.hankyung.com/economy/article/2023051827537,2023-05.18 06:47
737,http://biz.heraldcorp.com/view.php?ud=20230515000129,2023-05.15 09:27
738,http://biz.heraldcorp.com/view.php?ud=20230515000314,2023-05.15 11:11
739,http://biz.heraldcorp.com/view.php?ud=20230518000472,2023-05.18 11:37
740,http://biz.heraldcorp.com/view.php?ud=20230518000133,2023-05.18 09:31
741,https://news.kbs.co.kr/news/view.do?ncd=7679381&amp;ref=DA,2023-05.19 07:32
742,http://www.obsnews.co.kr/news/articleView.html?idxno=1399081, 이윤택 2023-05.19 14:31
743,https://news.sbs.co.kr/news/endPage.do?news_id=N1007197443&plink=ORI&cooper=ETC,작성2023-05.19 07:33조회조회수
744,https://www.ytn.co.kr/_ln/0102_202305191454019514,2023-05-19일 14:54분
745,https://www.ytn.co.kr/_ln/0102_202305191304512106,2023-05-19일 13:04분
746,https://www.ytn.co.kr/_ln/0102_202305192301251479,2023-05-19일 23:01분
747,https://www.ytn.co.kr/_ln/0102_202305191831044940,2023-05-19일 18:31분
748,https://www.ytn.co.kr/_ln/0102_202305191644212343,2023-05-19일 16:44분
749,https://www.ytn.co.kr/_ln/0102_202305191048559528,2023-05-19일 10:48분
750,https://www.ytn.co.kr/_ln/0102_202305191046293492,2023-05-19일 10:46분
751,https://www.ytn.co.kr/_ln/0102_202305191013556703,2023-05-19일 10:13분
752,https://www.ytn.co.kr/_ln/0104_202305190910013664,2023-05-19일 09:10분
753,https://www.ytn.co.kr/_ln/0104_202305190908130653,2023-05-19일 09:08분
754,https://www.ytn.co.kr/_ln/0102_202305202222229463,2023-05-20일 22:22분
755,https://www.ytn.co.kr/_ln/0104_202305200902137216,2023-05-20일 09:02분
756,http://www.kwnews.co.kr/page/view/2023051907300369089, :2023-05-19 07:34:40  :2023-05-19 15:49:29 
757,http://www.kyeongin.com/main/view.php?key=20230518010003607,2023-05-18 20:13 아이콘ⓘ2023-05-19 9면
758,https://www.khan.co.kr/economy/economy-general/article/202305191646001, :2023-05.19 16:46
759,https://www.khan.co.kr/world/world-general/article/202305190731001, :2023-05.19 07:31 :2023-05.19 07:43
760,https://www.khan.co.kr/travel/international/article/202305191021001, :2023-05.19 10:21 :2023-05.19 15:09
761,https://news.kmib.co.kr/article/view.asp?arcid=0018273592&code=61121111&cp=kd,2023-05-18 09:23
762,https://news.kmib.co.kr/article/view.asp?arcid=0018278227&code=61141111&cp=kd,2023-05-19 11:09
763,https://news.kmib.co.kr/article/view.asp?arcid=0018277442&code=61141411&cp=kd,2023-05-19 07:11
764,https://news.kmib.co.kr/article/view.asp?arcid=0924302820&code=11151100,2023-05-19 04:05
765,http://www.naeil.com/news_view/?id_art=461367,2023-06-27일  |  1면
766,http://www.naeil.com/news_view/?id_art=461311,2023-06-27일  |  1면
767,https://www.donga.com/news/Culture/article/all/20230519/119380736/1,2023-05-19 15:10
768,https://www.donga.com/news/Economy/article/all/20230519/119384454/1,2023-05-19 18:57
769,http://www.dt.co.kr/contents.html?article_no=2023051902109919607002&ref=jeadan, :2023-05-19 06:36
770,http://www.mk.co.kr/article/10740234, мһ…л Ҙ :2023-05.19 14:47:20
771,https://news.imaeil.com/page/view/2023051912140537578,2023-06-27 화
772,http://news.moneytoday.co.kr/view/mtview.php?no=2023051909142854378&type=2,2023-05.19 10:44
773,http://news.moneytoday.co.kr/view/mtview.php?no=2023051909090594787&type=2,2023-05.19 09:31
774,http://www.mdilbo.com/detail/DDAuq0/695206,������2023-05.19. 15:05
775,http://www.munhwa.com/news/view.html?no=2023051901071407084001,023-05-19 11:48
776,http://www.munhwa.com/news/view.html?no=2023051901039910226006,023-05-19 08:13
777,https://www.busan.com/view/busan/view.php?code=2023051910344819096,                     :2023-05-19 10:37:23                    
778,http://www.sedaily.com/NewsView/29PN2CIUS8,2023-05-19 14:22
779,http://www.sedaily.com/NewsView/29PN2F3LKL,2023-05-19 17:37
780,http://www.sedaily.com/NewsView/29PN1KA41R,2023-05-19 07:18
781,http://www.sedaily.com/NewsView/29PNFUVD5Z,2023-05-20 00:00
782,http://www.segye.com/content/html/2023/05/19/20230519511994.html, :2023-05-19 14:21:13  :2023-05-19 14:21:13
783,http://www.segye.com/content/html/2023/05/19/20230519511828.html, :2023-05-19 13:07:39  :2023-05-19 13:07:39
784,http://www.segye.com/content/html/2023/05/19/20230519509489.html, :2023-05-19 11:14:21  :2023-05-19 11:14:20
785,http://www.segye.com/content/html/2023/05/19/20230519520442.html, :2023-05-19 20:40:32  :2023-05-19 20:40:31
786,http://www.segye.com/content/html/2023/05/19/20230519520207.html, :2023-05-19 20:32:52  :2023-05-19 20:32:51
787,http://www.segye.com/content/html/2023/05/19/20230519520205.html, :2023-05-19 20:31:08  :2023-05-19 20:31:07
788,http://www.segye.com/content/html/2023/05/19/20230519507543.html, :2023-05-19 11:00:00  :2023-05-19 10:07:06
789,http://www.segye.com/content/html/2023/05/18/20230518520848.html, :2023-05-19 06:00:00  :2023-05-18 22:27:35
790,http://www.segye.com/content/html/2023/05/19/20230519504712.html, :2023-05-19 07:54:00  :2023-05-19 07:53:58
791,http://www.segye.com/content/html/2023/05/20/20230520512933.html, :2023-05-20 21:10:48  :2023-05-20 21:10:47
792,http://www.segye.com/content/html/2023/05/20/20230520512809.html, :2023-05-20 20:59:58  :2023-05-20 21:09:44
793,https://view.asiae.co.kr/article/2023051908082102880,2023-05.19 08:15
794,https://view.asiae.co.kr/article/2023051909001419722,2023-05.19 09:002023-05.19 10:50
795,https://view.asiae.co.kr/article/2023051908563799343,2023-05.19 10:002023-05.19 10:22
796,https://www.ajunews.com/view/20230518074150266,2023-05-18 07:54
797,https://www.ajunews.com/view/20230519070240070,2023-05-19 07:38
798,https://www.ajunews.com/view/20230519065911069,2023-05-19 07:02
799,https://www.ajunews.com/view/20230519092239171,2023-05-19 10:32
800,https://www.ajunews.com/view/20230519094608202,2023-05-19 10:11
801,http://www.etnews.com/20230518000013,발행일 :2023-05-18 08:57
802,http://www.joongdo.co.kr/web/view.php?key=20230519010005845,2023-05-20 15:57
803,http://www.joongdo.co.kr/web/view.php?key=20230519010005937,2023-05-19 21:42
804,http://www.joongdo.co.kr/web/view.php?key=20230520010005996,2023-05-20 23:47
805,https://www.joongang.co.kr/article/25163583,
806,https://www.joongang.co.kr/article/25163670,
807,http://www.fnnews.com/news/202305180902575776,2023-05.18 09:162023-05.18 09:16
808,http://www.fnnews.com/news/202305180736291389,2023-05.18 07:462023-05.18 09:33
809,http://www.fnnews.com/news/202305190958001678,2023-05.19 11:212023-05.19 11:21
810,http://www.fnnews.com/news/202305190842394583,2023-05.19 08:512023-05.19 09:04
811,http://www.hani.co.kr/arti/sports/volleyball/1092481.html,2023-05-19 14:362023-05-19 14:50
812,http://www.hani.co.kr/arti/economy/economy_general/1092529.html,2023-05-19 18:482023-05-19 19:19
813,http://www.hani.co.kr/arti/economy/marketing/1092436.html,2023-05-19 05:012023-05-19 11:16
814,http://www.hani.co.kr/arti/economy/marketing/1092452.html,2023-05-19 10:182023-05-19 19:16
815,https://www.hankyung.com/international/article/2023051975181,2023-05.19 18:32
816,https://www.hankyung.com/economy/article/2023051974711,2023-05.19 18:11
817,https://www.hankyung.com/international/article/2023051955567,2023-05.19 08:11
818,https://www.hankyung.com/international/article/202305195549i,2023-05.19 08:18
819,https://www.hankyung.com/realestate/article/202305195950i,2023-05.19 09:59
820,https://www.hankookilbo.com/News/Read/A2023051914300002807,2023-05.19 16:302023-05.19 17:27
821,https://www.hankookilbo.com/News/Read/A2023051908190000182,2023-05.19 08:252023-05.19 11:19
822,http://biz.heraldcorp.com/view.php?ud=20230518000086,2023-05.18 09:00
823,http://biz.heraldcorp.com/view.php?ud=20230518000059,2023-05.18 08:02
824,http://biz.heraldcorp.com/view.php?ud=20230519000433,2023-05.19 13:28
825,http://biz.heraldcorp.com/view.php?ud=20230519000403,2023-05.19 11:39
826,http://biz.heraldcorp.com/view.php?ud=20230519000255,2023-05.19 11:02
827,http://biz.heraldcorp.com/view.php?ud=20230519000018,2023-05.19 07:07
828,http://biz.heraldcorp.com/view.php?ud=20230519000014,2023-05.19 06:46
829,http://biz.heraldcorp.com/view.php?ud=20230519000163,2023-05.19 09:56
830,http://www.obsnews.co.kr/news/articleView.html?idxno=1399728,  2023-05.24 18:11
831,https://www.ytn.co.kr/_ln/0102_202305200709275810,2023-05-20일 07:09분
832,https://www.ytn.co.kr/_ln/0102_202305210933552099,2023-05-21일 09:33분
833,https://www.ytn.co.kr/_ln/0102_202305241752261845,2023-05-24일 17:52분
834,https://www.khan.co.kr/economy/economy-general/article/202305241017001, :2023-05.24 10:17 :2023-05.24 14:34
835,https://news.kmib.co.kr/article/view.asp?arcid=0018291093&code=61141511&cp=kd,2023-05-23 17:09
836,https://news.kmib.co.kr/article/view.asp?arcid=0924303523&code=11131100,2023-05-24 04:05
837,http://www.naeil.com/news_view/?id_art=461510,2023-06-27일  |  1면
838,http://www.naeil.com/news_view/?id_art=461830,2023-06-27일  |  1면
839,http://www.daejonilbo.com/news/articleView.html?idxno=2065440,대전전체2023-05.22 22:45
840,https://www.donga.com/news/Economy/article/all/20230519/119386339/1,2023-05-20 03:00
841,https://www.donga.com/news/Economy/article/all/20230521/119406738/1,2023-05-22 03:00
842,https://www.donga.com/news/Economy/article/all/20230523/119443861/1,2023-05-23 19:39
843,https://www.donga.com/news/Society/article/all/20230524/119459006/2,2023-05-24 15:57
844,http://www.dt.co.kr/contents.html?article_no=2023052102109932064003&ref=jeadan, :2023-05-21 11:22
845,http://www.dt.co.kr/contents.html?article_no=2023052302109963080007&ref=jeadan, :2023-05-23 15:52
846,http://www.dt.co.kr/contents.html?article_no=2023052402109963080003&ref=jeadan, :2023-05-24 09:52
847,https://news.imaeil.com/page/view/2023052115234599187,2023-06-27 화
848,https://news.imaeil.com/page/view/2023052416594490427,2023-06-27 화
849,http://news.moneytoday.co.kr/view/mtview.php?no=2023051916272840869&type=2,"  20,844 2023-05.21 15:00"
850,http://news.moneytoday.co.kr/view/mtview.php?no=2023051809440427405&type=2,2023-05.21 13:02
851,http://news.moneytoday.co.kr/view/mtview.php?no=2023052221550735688&type=2,2023-05.22 22:14
852,http://news.moneytoday.co.kr/view/mtview.php?no=2023052215475160850&type=2,2023-05.22 15:56
853,http://news.moneytoday.co.kr/view/mtview.php?no=2023052317084395916&type=2,2023-05.24 06:00
854,http://www.munhwa.com/news/view.html?no=2023052001039909294002,023-05-20 07:48ОїЕЅРЬЦЎ2023-05-20 09:27
855,http://www.munhwa.com/news/view.html?no=2023052401039927306002,023-05-24 14:59
856,https://www.busan.com/view/busan/view.php?code=2023052114105497026,                     :2023-05-21 14:11:10                    
857,https://www.busan.com/view/busan/view.php?code=2023052417420906665,                     :2023-05-24 17:43:02                    
858,https://www.busan.com/view/busan/view.php?code=2023052418420945741,                     :2023-05-24 18:44:02                    
859,https://www.busan.com/view/busan/view.php?code=2023052408382074960,                     :2023-05-24 08:38:33                    
860,https://www.busan.com/view/busan/view.php?code=2023052414182334880,                     :2023-05-24 14:36:14   :2023-05-24 15:10:23                    
861,http://www.sedaily.com/NewsView/29POHKS1NJ,2023-05-22 23:38
862,http://www.sedaily.com/NewsView/29POFWV4JX,2023-05-22 14:31
863,http://www.sedaily.com/NewsView/29PPDTAGHN,2023-05-24 21:35
864,http://www.sedaily.com/NewsView/29PPD6P5B3,2023-05-24 15:12
865,http://www.segye.com/content/html/2023/05/21/20230521516700.html, :2023-05-21 20:20:27  :2023-05-21 20:20:26
866,http://www.segye.com/content/html/2023/05/21/20230521516697.html, :2023-05-21 23:50:00  :2023-05-21 22:28:35
867,http://www.segye.com/content/html/2023/05/21/20230521508315.html, :2023-05-21 12:52:38  :2023-05-21 12:52:38
868,http://www.segye.com/content/html/2023/05/22/20230522519653.html, :2023-05-22 21:38:58  :2023-05-22 22:59:24
869,http://www.segye.com/content/html/2023/05/22/20230522525971.html, :2023-05-22 23:23:19  :2023-05-22 23:23:18
870,http://www.segye.com/content/html/2023/05/22/20230522504437.html, :2023-05-22 07:41:36  :2023-05-22 15:04:55
871,http://www.segye.com/content/html/2023/05/23/20230523521440.html, :2023-05-23 17:27:04  :2023-05-23 17:27:03
872,http://www.segye.com/content/html/2023/05/24/20230524524908.html, :2023-05-24 23:00:39  :2023-05-24 23:00:39
873,http://www.segye.com/content/html/2023/05/23/20230523520253.html, :2023-05-24 06:00:00  :2023-05-23 20:46:20
874,http://www.segye.com/content/html/2023/05/24/20230524517177.html, :2023-05-24 15:09:34  :2023-05-24 20:50:02
875,https://view.asiae.co.kr/article/2023052215181217678,2023-05.22 17:002023-05.23 10:47
876,https://view.asiae.co.kr/article/2023052208412026989,2023-05.22 08:41
877,https://view.asiae.co.kr/article/2023052408024491063,2023-05.24 08:02
878,https://www.ajunews.com/view/20230521122325966,2023-05-21 12:37
879,https://www.ajunews.com/view/20230523173932914,2023-05-23 18:11
880,https://www.ajunews.com/view/20230524082037083,2023-05-24 10:30
881,http://www.etnews.com/20230523000116,발행일 :2023-05-23 10:53
882,http://www.joongdo.co.kr/web/view.php?key=20230521010005613,2023-05-18 16:06
883,https://www.joongang.co.kr/article/25164071,
884,https://www.joongang.co.kr/article/25164913,
885,http://www.fnnews.com/news/202305211511132319,2023-05.21 16:242023-05.21 16:24
886,http://www.fnnews.com/news/202305211818225867,2023-05.21 18:182023-05.21 18:18
887,http://www.fnnews.com/news/202305211837050607,2023-05.21 18:372023-05.21 18:37
888,http://www.fnnews.com/news/202305211243128343,2023-05.21 12:452023-05.21 12:45
889,http://www.fnnews.com/news/202305221838385380,2023-05.22 18:382023-06.26 16:35
890,http://www.fnnews.com/news/202305220907172877,2023-05.22 09:102023-05.22 09:10
891,http://www.fnnews.com/news/202305221459126262,2023-05.22 16:032023-05.22 16:03
892,http://www.fnnews.com/news/202305240847089598,2023-05.24 09:032023-05.24 09:03
893,http://www.fnnews.com/news/202305232358072764,2023-05.24 06:002023-05.24 06:39
894,http://www.fnnews.com/news/202305241327537223,2023-05.24 14:262023-05.24 14:26
895,http://www.hani.co.kr/arti/economy/marketing/1092836.html,2023-05-22 19:592023-05-22 23:47
896,http://www.hani.co.kr/arti/economy/economy_general/1093156.html,2023-05-24 16:572023-05-24 19:47
897,https://www.hankyung.com/economy/article/2023052221071,2023-05.22 18:21
898,https://www.hankyung.com/economy/article/2023052222751,2023-05.22 20:51
899,https://www.hankyung.com/economy/article/2023052221081,2023-05.22 18:17
900,https://www.hankyung.com/economy/article/2023052347831,2023-05.23 17:49
901,https://www.hankyung.com/life/article/2023052462541,2023-05.24 16:04
902,https://www.hankyung.com/economy/article/2023052478101,2023-05.24 18:25
903,https://www.hankyung.com/life/article/202305246822g,2023-05.24 22:00
904,https://www.hankyung.com/economy/article/2023052478461,2023-05.24 18:35
905,https://www.hankyung.com/realestate/article/2023052478001,2023-05.24 18:16
906,https://www.hankyung.com/economy/article/202305246240g,2023-05.24 10:39
907,https://www.hankookilbo.com/News/Read/A2023052211050003621,2023-05.22 16:40
908,https://www.hankookilbo.com/News/Read/A2023052323010000696,2023-05.23 23:08
909,https://www.hankookilbo.com/News/Read/A2023052413530005957,2023-05.24 14:472023-05.24 17:18
910,http://biz.heraldcorp.com/view.php?ud=20230519000658,2023-05.21 07:51
911,http://biz.heraldcorp.com/view.php?ud=20230521000138,2023-05.21 14:49
912,http://biz.heraldcorp.com/view.php?ud=20230521000101,2023-05.21 12:56
913,http://biz.heraldcorp.com/view.php?ud=20230522000142,2023-05.22 09:40
914,http://biz.heraldcorp.com/view.php?ud=20230523000502,2023-05.23 13:35
915,http://biz.heraldcorp.com/view.php?ud=20230524000606,2023-05.24 15:52
916,http://www.obsnews.co.kr/news/articleView.html?idxno=1399930, 최한성 2023-05.25 16:03
917,http://www.obsnews.co.kr/news/articleView.html?idxno=1400053, 이상호 2023-05.26 12:36
918,http://www.obsnews.co.kr/news/articleView.html?idxno=1400254, 유은총 2023-05.28 19:55
919,https://news.sbs.co.kr/news/endPage.do?news_id=N1007208651&plink=ORI&cooper=ETC,작성2023-05.28 20:332023-05.28 21:36조회조회수
920,https://www.ytn.co.kr/_ln/0102_202305241125501121,2023-05-24일 11:25분
921,https://www.ytn.co.kr/_ln/0102_202305251650003731,2023-05-25일 16:49분
922,https://www.ytn.co.kr/_ln/0102_202305251800339785,2023-05-25일 18:00분
923,https://www.ytn.co.kr/_ln/0102_202305251342509666,2023-05-25일 13:42분
924,https://www.ytn.co.kr/_ln/0103_202305250532281942,2023-05-25일 05:32분
925,https://www.ytn.co.kr/_ln/0103_202305250811296682,2023-05-25일 08:11분
926,https://www.ytn.co.kr/_ln/0103_202305251059560524,2023-05-25일 10:59분
927,https://www.ytn.co.kr/_ln/0103_202305250956161348,2023-05-25일 09:56분
928,https://www.ytn.co.kr/_ln/0102_202305261659507941,2023-05-26일 16:59분
929,https://www.ytn.co.kr/_ln/0103_202305260911507305,2023-05-26일 09:11분
930,https://www.ytn.co.kr/_ln/0103_202305260959586607,2023-05-26일 09:59분
931,https://www.ytn.co.kr/_ln/0101_202305281818399715,2023-05-28일 18:18분
932,https://www.ytn.co.kr/_ln/0103_202305282300034953,2023-05-28일 23:00분
933,https://www.ytn.co.kr/_ln/0101_202305282153049288,2023-05-28일 21:53분
934,https://www.ytn.co.kr/_ln/0101_202305281709075702,2023-05-28일 17:09분
935,http://www.kwnews.co.kr/page/view/2023052512265316701, :2023-05-25 13:29:49 
936,http://www.kwnews.co.kr/page/view/2023052816554021915, :2023-05-28 17:31:57  :2023-05-29 06:40:06 
937,http://www.kyeongin.com/main/view.php?key=20230525010005001,2023-05-25 14:172023-05-25 14:23
938,https://www.khan.co.kr/economy/economy-general/article/202305251647001, :2023-05.25 16:47
939,https://www.khan.co.kr/world/world-general/article/202305262124045, :2023-05.26 21:24 :2023-05.26 21:25
940,https://www.khan.co.kr/economy/industry-trade/article/202305261158011, :2023-05.26 11:58 :2023-05.26 19:29
941,https://www.khan.co.kr/politics/defense-diplomacy/article/202305282117045, :2023-05.28 21:17 :2023-05.28 21:18
942,https://www.khan.co.kr/national/national-general/article/202305282033001, :2023-05.28 20:33
943,https://news.kmib.co.kr/article/view.asp?arcid=0018293882&code=61172311&cp=kd,2023-05-24 11:40
944,https://news.kmib.co.kr/article/view.asp?arcid=0018295538&code=61171811&cp=kd,2023-05-25 06:37
945,https://news.kmib.co.kr/article/view.asp?arcid=0924303986&code=11141100,2023-05-26 04:07
946,https://news.kmib.co.kr/article/view.asp?arcid=0018307197&code=61111111&cp=kd,2023-05-28 17:39
947,https://news.kmib.co.kr/article/view.asp?arcid=0018307139&code=61111411&cp=kd,2023-05-28 17:20
948,http://www.naeil.com/news_view/?id_art=462141,2023-06-27일  |  1면
949,http://www.daejonilbo.com/news/articleView.html?idxno=2066307,사회전체2023-05.28 16:53
950,https://www.donga.com/news/Culture/article/all/20230525/119477892/1,2023-05-25 14:52
951,https://www.donga.com/news/Economy/article/all/20230524/119465727/1,2023-05-25 03:00
952,https://www.donga.com/news/Society/article/all/20230528/119517114/1,2023-05-28 18:31
953,https://www.donga.com/news/Economy/article/all/20230528/119517776/1,2023-05-28 20:28
954,https://www.donga.com/news/Politics/article/all/20230528/119515967/1,2023-05-28 16:48
955,http://www.dt.co.kr/contents.html?article_no=2023052502109932031003&ref=jeadan, :2023-05-25 14:25
956,http://www.dt.co.kr/contents.html?article_no=2023052802109919607012&ref=jeadan, :2023-05-28 16:53
957,http://www.mk.co.kr/article/10745875, ������ :2023-05.26 14:52:56
958,https://news.imaeil.com/page/view/2023052509130271656,2023-06-27 화
959,https://news.imaeil.com/page/view/2023052610155021189,2023-06-27 화
960,https://news.imaeil.com/page/view/2023052818081864378,2023-06-27 화
961,http://news.moneytoday.co.kr/view/mtview.php?no=2023052515241493435&type=2,2023-05.25 16:06
962,http://news.moneytoday.co.kr/view/mtview.php?no=2023052612097054843&type=2,2023-05.26 12:39
963,http://news.moneytoday.co.kr/view/mtview.php?no=2023052600123193695&type=2,2023-05.26 05:40
964,http://news.moneytoday.co.kr/view/mtview.php?no=2023052611341149958&type=2,"  6,812 2023-05.27 07:21"
965,http://news.moneytoday.co.kr/view/mtview.php?no=2023052615304278653&type=2,"  24,679 2023-05.28 07:00"
966,http://www.munhwa.com/news/view.html?no=2023052401071405015001,023-05-24 11:48
967,http://www.munhwa.com/news/view.html?no=2023052501071707084002,±â»ç Á¤º¸¹®È­ÀÏº¸ÀÔ·Â2023-05-25 11:49
968,https://www.busan.com/view/busan/view.php?code=2023052518192430587,                     :2023-05-25 18:29:02                    
969,https://www.busan.com/view/busan/view.php?code=2023052519340853542,                     :2023-05-25 19:34:28                    
970,https://www.busan.com/view/busan/view.php?code=2023052418132556834,                     :2023-05-25 05:12:00                    
971,https://www.busan.com/view/busan/view.php?code=2023052816540681857,                     :2023-05-28 17:04:34   :2023-05-28 17:07:44                    
972,http://www.sedaily.com/NewsView/29PPS6G4PT,2023-05-25 10:01
973,http://www.sedaily.com/NewsView/29PR7Y5M5T,2023-05-28 17:18
974,http://www.segye.com/content/html/2023/05/25/20230525506666.html, :2023-05-25 09:00:22  :2023-05-26 19:44:16
975,http://www.segye.com/content/html/2023/05/28/20230528506362.html, :2023-05-28 23:00:00  :2023-05-28 21:30:49
976,http://www.segye.com/content/html/2023/05/28/20230528505739.html, :2023-05-28 17:25:33  :2023-05-28 17:25:33
977,http://www.segye.com/content/html/2023/05/28/20230528505701.html, :2023-05-28 17:13:39  :2023-05-28 17:13:38
978,http://www.segye.com/content/html/2023/05/28/20230528505588.html, :2023-05-28 16:53:27  :2023-05-28 17:03:15
979,https://view.asiae.co.kr/article/2023052509224758897,2023-05.25 09:222023-05.25 11:07
980,https://view.asiae.co.kr/article/2023052516000033415,2023-05.26 06:202023-05.26 08:02
981,https://view.asiae.co.kr/article/2023052817280117866,2023-05.28 17:28
982,https://www.ajunews.com/view/20230525092016037,2023-05-25 10:07
983,https://www.ajunews.com/view/20230526090247874,2023-05-26 09:07
984,http://www.domin.co.kr/news/articleView.html?idxno=1426649,
985,https://www.joongang.co.kr/article/25165832,
986,http://www.fnnews.com/news/202305251546266073,2023-05.25 15:592023-05.25 15:59
987,http://www.fnnews.com/news/202305251030091274,2023-05.25 10:462023-05.25 11:22
988,http://www.fnnews.com/news/202305261412414954,2023-05.26 14:282023-05.26 14:28
989,http://www.fnnews.com/news/202305251405185384,2023-05.26 06:002023-05.26 06:00
990,http://www.fnnews.com/news/202305271131205690,2023-05.27 11:462023-05.27 11:48
991,http://www.fnnews.com/news/202305281848202982,2023-05.28 18:482023-05.28 18:48
992,http://www.hani.co.kr/arti/economy/economy_general/1093553.html,2023-05-27 14:002023-05-28 10:17
993,http://www.hani.co.kr/arti/politics/diplomacy/1093618.html,2023-05-28 18:082023-05-29 02:41
994,http://www.hani.co.kr/arti/economy/marketing/1093581.html,2023-05-28 11:292023-05-29 02:43
995,https://www.hankyung.com/politics/article/2023052845757,2023-05.28 18:02
996,https://www.hankyung.com/politics/article/2023052845107,2023-05.28 16:48
997,https://www.hankookilbo.com/News/Read/A2023052816340003852,2023-05.28 18:00
998,http://biz.heraldcorp.com/view.php?ud=20230525000595,2023-05.25 14:30
999,http://biz.heraldcorp.com/view.php?ud=20230525000179,2023-05.25 09:50
1000,http://biz.heraldcorp.com/view.php?ud=20230526000607,2023-05.26 20:30
1001,http://biz.heraldcorp.com/view.php?ud=20230528000094,2023-05.28 18:05
1002,https://news.kbs.co.kr/news/view.do?ncd=7686740&amp;ref=DA,2023-05.29 19:02
1003,https://news.kbs.co.kr/news/view.do?ncd=7686977&amp;ref=DA,2023-05.29 23:43
1004,https://news.kbs.co.kr/news/view.do?ncd=7686811&amp;ref=DA,2023-05.29 21:14
1005,https://imnews.imbc.com/replay/2023/nwdesk/article/6488406_36199.html,2023-05-29 19:55
1006,https://imnews.imbc.com/replay/2023/nwtoday/article/6488251_36207.html,2023-05-29 08:10
1007,https://imnews.imbc.com/replay/2023/nw1200/article/6488321_36170.html,2023-05-29 12:17
1008,http://www.obsnews.co.kr/news/articleView.html?idxno=1400311, 김용재 2023-05.29 13:54
1009,https://news.sbs.co.kr/news/endPage.do?news_id=N1007209431&plink=ORI&cooper=ETC,작성2023-05.29 20:182023-05.29 23:07조회조회수
1010,https://www.ytn.co.kr/_ln/0102_202305291601363598,2023-05-29일 16:01분
1011,https://www.ytn.co.kr/_ln/0103_202305291553497009,2023-05-29일 15:53분
1012,https://www.ytn.co.kr/_ln/0101_202305291452499438,2023-05-29일 14:52분
1013,https://www.ytn.co.kr/_ln/0103_202305291951544816,2023-05-29일 19:51분
1014,https://www.ytn.co.kr/_ln/0103_202305292152544567,2023-05-29일 21:52분
1015,https://www.ytn.co.kr/_ln/0101_202305291338328922,2023-05-29일 13:38분
1016,https://www.ytn.co.kr/_ln/0103_202305290353131608,2023-05-29일 03:53분
1017,https://www.ytn.co.kr/_ln/0101_202305290135057342,2023-05-29일 01:35분
1018,https://www.ytn.co.kr/_ln/0101_202305290002419600,2023-05-29일 00:02분
1019,https://www.ytn.co.kr/_ln/0103_202305290001547183,2023-05-29일 00:01분
1020,https://www.ytn.co.kr/_ln/0101_202305291218030555,2023-05-29일 12:18분
1021,https://www.ytn.co.kr/_ln/0101_202305291005027027,2023-05-29일 10:05분
1022,https://www.ytn.co.kr/_ln/0103_202305301420503322,2023-05-30일 14:20분
1023,https://www.kwnews.co.kr/page/view/2023053123132950707, :2023-05-31 23:14:58  :2023-06-01 08:16:09 
1024,https://www.kyeonggi.com/article/20230528580028,2023-05-28 17:08
1025,https://www.kyeonggi.com/article/20230529580079,2023-05-29 14:20
1026,http://www.idomin.com/news/articleView.html?idxno=826259, 이현희 기자 hee@idomin.com노출 2023-05-31 17:29 수 
1027,https://www.khan.co.kr/politics/defense-diplomacy/article/202305281654001, :2023-05.28 16:54 :2023-05.28 17:37
1028,https://www.khan.co.kr/national/national-general/article/202305292253005, :2023-05.29 22:53
1029,https://www.khan.co.kr/national/incident/article/202305292104001, :2023-05.29 21:04 :2023-05.29 22:50
1030,https://www.khan.co.kr/national/national-general/article/202305301120001, :2023-05.30 11:20 :2023-05.30 11:42
1031,https://news.kmib.co.kr/article/view.asp?arcid=0924304284&code=11151100,2023-05-29 04:08
1032,https://www.donga.com/news/Society/article/all/20230529/119528908/1,2023-05-29 20:53
1033,https://www.donga.com/news/Economy/article/all/20230529/119519307/1,2023-05-29 03:00
1034,https://www.donga.com/news/Society/article/all/20230529/119519238/1,2023-05-29 03:00
1035,https://www.donga.com/news/Society/article/all/20230529/119529560/1,2023-05-30 00:00
1036,https://www.donga.com/news/Society/article/all/20230530/119530191/1,2023-05-30 03:00
1037,http://www.dt.co.kr/contents.html?article_no=2023053002109954058004&ref=jeadan, :2023-05-30 09:05
1038,http://www.dt.co.kr/contents.html?article_no=2023053102109932031006&ref=jeadan, :2023-05-31 15:33
1039,http://www.dt.co.kr/contents.html?article_no=2023053102109932031005&ref=jeadan, :2023-05-31 15:01
1040,https://news.imaeil.com/page/view/2023052917414883050,2023-06-27 화
1041,https://news.imaeil.com/page/view/2023052919273643259,2023-06-27 화
1042,https://news.imaeil.com/page/view/2023053012512036094,2023-06-27 화
1043,https://news.imaeil.com/page/view/2023053012470054757,2023-06-27 화
1044,http://news.moneytoday.co.kr/view/mtview.php?no=2023052912290959040&type=2,2023-05.29 17:35
1045,http://news.moneytoday.co.kr/view/mtview.php?no=2023052911355625053&type=2,2023-05.29 13:09
1046,http://news.moneytoday.co.kr/view/mtview.php?no=2023052915204864028&type=2,2023-05.30 09:09
1047,http://news.moneytoday.co.kr/view/mtview.php?no=2023053115042460169&type=2,2023-05.31 16:39
1048,https://www.busan.com/view/busan/view.php?code=2023052920573838620,                     :2023-05-29 20:59:38   :2023-05-30 00:16:47                    
1049,https://www.busan.com/view/busan/view.php?code=2023052910475718467,                     :2023-05-29 17:39:42                    
1050,https://www.busan.com/view/busan/view.php?code=2023053010275521939,                     :2023-05-30 10:28:08                    
1051,http://www.sedaily.com/NewsView/29PS43499Z,2023-05-30 16:41
1052,http://www.segye.com/content/html/2023/05/29/20230529508813.html, :2023-05-29 19:50:00  :2023-05-29 19:22:58
1053,http://www.segye.com/content/html/2023/05/29/20230529506955.html, :2023-05-29 14:16:32  :2023-05-29 14:16:31
1054,http://www.segye.com/content/html/2023/05/29/20230529502738.html, :2023-05-29 09:36:05  :2023-05-29 11:53:36
1055,http://www.segye.com/content/html/2023/05/29/20230529506600.html, :2023-05-29 13:38:12  :2023-05-29 14:48:36
1056,http://www.segye.com/content/html/2023/05/29/20230529505901.html, :2023-05-29 12:41:48  :2023-05-29 18:00:07
1057,http://www.segye.com/content/html/2023/05/30/20230530504140.html, :2023-05-30 09:58:15  :2023-05-30 14:07:50
1058,http://www.segye.com/content/html/2023/05/29/20230529511410.html, :2023-05-30 00:24:50  :2023-05-30 00:24:50
1059,http://www.segye.com/content/html/2023/05/30/20230530501722.html, :2023-05-30 06:50:42  :2023-05-30 06:50:38
1060,https://view.asiae.co.kr/article/2023052921365100137,2023-05.29 21:36
1061,https://www.ajunews.com/view/20230529140427844,2023-05-29 14:38
1062,https://www.ajunews.com/view/20230530165311780,2023-05-30 17:40
1063,https://www.ajunews.com/view/20230531154103581,2023-05-31 16:10
1064,https://www.jjan.kr/article/20230529580153, 2023-05-29 15:39
1065,http://www.etnews.com/20230530000115,발행일 :2023-05-30 11:07
1066,https://www.joongang.co.kr/article/25165992,
1067,https://www.joongang.co.kr/article/25165988,
1068,https://www.joongang.co.kr/article/25166064,
1069,https://www.joongang.co.kr/article/25165854,
1070,https://www.joongang.co.kr/article/25165849,
1071,http://www.fnnews.com/news/202305291820536184,2023-05.29 18:202023-05.29 18:20
1072,http://www.fnnews.com/news/202305291513019938,2023-05.29 16:022023-05.29 18:39
1073,http://www.fnnews.com/news/202305291500516694,2023-05.29 16:492023-05.29 16:49
1074,http://www.fnnews.com/news/202305292159517150,2023-05.29 22:022023-05.29 22:02
1075,http://www.fnnews.com/news/202305291224516178,2023-05.29 12:252023-05.29 12:25
1076,http://www.fnnews.com/news/202305300632054880,2023-05.30 07:182023-05.30 07:18
1077,http://www.hani.co.kr/arti/society/society_general/1093760.html,2023-05-29 21:402023-05-30 08:23
1078,http://www.hani.co.kr/arti/sports/volleyball/1093665.html,2023-05-29 10:432023-05-29 10:52
1079,http://www.hani.co.kr/arti/sports/volleyball/1093862.html,2023-05-30 15:542023-05-31 02:34
1080,https://www.hankyung.com/society/article/2023052960617,2023-05.29 22:19
1081,https://www.hankyung.com/finance/article/2023053107616,2023-05.31 14:58
1082,https://www.hankookilbo.com/News/Read/A2023052922090003313,2023-05.29 22:332023-05.29 22:33
1083,http://biz.heraldcorp.com/view.php?ud=20230529000193,2023-05.29 19:29
1084,http://biz.heraldcorp.com/view.php?ud=20230529000219,2023-05.29 22:36
1085,http://biz.heraldcorp.com/view.php?ud=20230529000052,2023-05.29 10:02
1086,http://biz.heraldcorp.com/view.php?ud=20230529000106,2023-05.29 12:53
1087,http://biz.heraldcorp.com/view.php?ud=20230530000349,2023-05.30 11:07
1088,http://biz.heraldcorp.com/view.php?ud=20230530000550,2023-05.30 14:35
1089,http://biz.heraldcorp.com/view.php?ud=20230530000004,2023-05.30 05:55
1090,http://biz.heraldcorp.com/view.php?ud=20230526000711,2023-05.30 08:15
1091,http://news.moneytoday.co.kr/view/mtview.php?no=2023053108460774816&type=2,2023-05.31 08:54
1092,http://www.munhwa.com/news/view.html?no=2023053101039907084001,023-05-31 11:07
1093,https://www.busan.com/view/busan/view.php?code=2023053114571348594,                     :2023-05-31 14:57:51                    
1094,http://www.sedaily.com/NewsView/29PSKPI9EM,2023-05-31 14:39
1095,http://www.sedaily.com/NewsView/29PSK3OQS9,2023-05-31 10:00
1096,http://www.segye.com/content/html/2023/05/31/20230531505850.html, :2023-05-31 10:19:51  :2023-05-31 14:20:05
1097,https://view.asiae.co.kr/article/2023053108544209306,2023-05.31 08:54
1098,https://www.ajunews.com/view/20230531090327092,2023-05-31 09:07
1099,https://www.ajunews.com/view/20230530145055573,2023-05-31 05:55
1100,http://www.fnnews.com/news/202305310921195203,2023-05.31 09:312023-05.31 09:31
1101,http://biz.heraldcorp.com/view.php?ud=20230531000415,2023-05.31 11:20
1102,http://biz.heraldcorp.com/view.php?ud=20230531000111,2023-05.31 08:54
