번호,종목코드,종목명,시장구분,증권구분,주식종류,상장일,폐지일,폐지사유,정리매매기간_시작일,정리매매기간_종료일,업종,액면가,상장주식수,이전상장후_종목코드,이전상장후_종목명
"1","0791601A","CJ CGV 5R","KOSPI","신주인수권증서","보통주","2020/07/03","2020/07/10",,,,,"0","11123742",,
"2","05882019","CMG제약 31R","KOSDAQ","신주인수권증서","보통주","2019/07/04","2019/07/11",,,,,"0","29229146",,
"3","3655501B","ESR켄달스퀘어리츠 5R","KOSPI","신주인수권증서","보통주","2021/11/22","2021/11/29",,,,,"0","69817306",,
"4","1305001B","GH신소재 5R","KOSDAQ","신주인수권증서","보통주","2021/08/26","2021/09/02",,,,,"0","3537126",,
"5","2948701A","HDC현대산업개발 2R","KOSPI","신주인수권증서","보통주","2020/02/20","2020/02/27",,,,,"0","21961947",,
"6","0827401C","HSD엔진 8R","KOSPI","신주인수권증서","보통주","2022/07/14","2022/07/21",,,,,"0","10303094",,
"7","1196501B","KC코트렐 6R","KOSPI","신주인수권증서","보통주","2021/06/23","2021/06/30",,,,,"0","3668170",,
"8","0000401A","KR모터스 41R","KOSPI","신주인수권증서","보통주","2020/04/09","2020/04/17",,,,,"0","44293929",,
"9","2184101B","RFHIC 13R","KOSDAQ","신주인수권증서","보통주","2021/06/22","2021/06/29",,,,,"0","2777085",,
"10","21098018","SK디앤디 6R","KOSPI","신주인수권증서","보통주","2018/12/05","2018/12/12",,,,,"0","4089295",,
"11","3954001C","SK리츠 1R","KOSPI","신주인수권증서","보통주","2022/07/20","2022/07/27",,,,,"0","41502733",,
"12","00151018","SK증권 39R","KOSPI","신주인수권증서","보통주","2018/11/16","2018/11/23",,,,,"0","92858489",,
"13","0118101B","STX 40R","KOSPI","신주인수권증서","보통주","2021/07/15","2021/07/22",,,,,"0","6791526",,
"14","0005001C","가온전선 13R","KOSPI","신주인수권증서","보통주","2022/10/04","2022/10/12",,,,,"0","2194425",,
"15","21773018","강스템바이오텍 20R","KOSDAQ","신주인수권증서","보통주","2018/07/04","2018/07/11",,,,,"0","4194966",,
"16","2177301B","강스템바이오텍 23R","KOSDAQ","신주인수권증서","보통주","2021/09/24","2021/10/01",,,,,"0","12365210",,
"17","09448018","갤럭시아컴즈 10R","KOSDAQ","신주인수권증서","보통주","2018/04/06","2018/04/13",,,,,"0","4398203",,
"18","0539501C","경남제약 23R","KOSDAQ","신주인수권증서","보통주","2022/02/18","2022/02/25",,,,,"0","10790918",,
"19","02491018","경창산업 12R","KOSDAQ","신주인수권증서","보통주","2018/08/16","2018/08/23",,,,,"0","5496586",,
"20","03853018","골드퍼시픽 37R","KOSDAQ","신주인수권증서","보통주","2018/10/08","2018/10/16",,,,,"0","7997936",,
"21","CYM16017","골든센츄리 3R","KOSDAQ","신주인수권증서","보통주","2018/01/04","2018/01/11",,,,,"0","16897626",,
"22","CYM16019","골든센츄리 4R","KOSDAQ","신주인수권증서","보통주","2019/10/29","2019/11/05",,,,,"0","65377359",,
"23","0901501B","광진윈텍 4R","KOSDAQ","신주인수권증서","보통주","2021/07/06","2021/07/13",,,,,"0","7698255",,
"24","05327018","구영테크 9R","KOSDAQ","신주인수권증서","보통주","2018/08/23","2018/08/30",,,,,"0","5277976",,
"25","0076901B","국도화학 13R","KOSPI","신주인수권증서","보통주","2021/07/28","2021/08/04",,,,,"0","1275293",,
"26","00532019","국동 24R","KOSPI","신주인수권증서","보통주","2019/05/31","2019/06/10",,,,,"0","13496530",,
"27","3077501B","국전약품 5R","KOSDAQ","신주인수권증서","보통주","2021/05/26","2021/06/02",,,,,"0","9497509",,
"28","18779018","나노 14R","KOSDAQ","신주인수권증서","보통주","2018/06/07","2018/06/15",,,,,"0","7851379",,
"29","13861019","나이벡 13R","KOSDAQ","신주인수권증서","보통주","2019/05/23","2019/05/30",,,,,"0","3310516",,
"30","0948601B","네오리진 25R","KOSDAQ","신주인수권증서","보통주","2021/10/01","2021/10/12",,,,,"0","29495610",,
"31","2906601A","네오펙트 35R","KOSDAQ","신주인수권증서","보통주","2020/10/23","2020/10/30",,,,,"0","6169311",,
"32","00739019","네이처셀 46R","KOSDAQ","신주인수권증서","보통주","2019/08/16","2019/08/23",,,,,"0","8039821",,
"33","1947001C","노바렉스 6R","KOSDAQ","신주인수권증서","보통주","2022/07/25","2022/08/01",,,,,"0","893429",,
"34","14228019","녹십자엠에스 4R","KOSDAQ","신주인수권증서","보통주","2019/10/22","2019/10/29",,,,,"0","11265891",,
"35","0682401B","다원시스 12R","KOSDAQ","신주인수권증서","보통주","2021/04/02","2021/04/09",,,,,"0","4480930",,
"36","0682401C","다원시스 13R","KOSDAQ","신주인수권증서","보통주","2022/04/05","2022/04/12",,,,,"0","2976019",,
"37","2903801C","대유 7R","KOSDAQ","신주인수권증서","보통주","2022/01/21","2022/01/28",,,,,"0","7992590",,
"38","01017018","대한광통신 22R","KOSDAQ","신주인수권증서","보통주","2018/05/10","2018/05/17",,,,,"0","13989941",,
"39","0014401C","대한전선 55R","KOSPI","신주인수권증서","보통주","2022/02/18","2022/02/25",,,,,"0","387777314",,
"40","0034901A","대한항공 45R","KOSPI","신주인수권증서","보통주","2020/06/24","2020/07/01",,,,,"0","63409774",,
"41","0034901B","대한항공 46R","KOSPI","신주인수권증서","보통주","2021/02/16","2021/02/23",,,,,"0","138632699",,
"42","0058801B","대한해운 26R","KOSPI","신주인수권증서","보통주","2021/05/24","2021/05/31",,,,,"0","59857690",,
"43","0041401B","동방 20R","KOSPI","신주인수권증서","보통주","2021/11/16","2021/11/23",,,,,"0","6367650",,
"44","00290019","동양물산 22R","KOSPI","신주인수권증서","보통주","2019/10/08","2019/10/16",,,,,"0","49993316",,
"45","00897018","동양철관 39R","KOSPI","신주인수권증서","보통주","2018/11/22","2018/11/29",,,,,"0","29980611",,
"46","01850018","동원금속 18R","KOSPI","신주인수권증서","보통주","2018/02/22","2018/03/02",,,,,"0","8637103",,
"47","0026901B","동일제강 3R","KOSPI","신주인수권증서","보통주","2021/10/20","2021/10/27",,,,,"0","4235884",,
"48","01116019","두산건설 46R","KOSPI","신주인수권증서","보통주","2019/04/18","2019/04/25",,,,,"0","267721411",,
"49","03402019","두산중공업 36R","KOSPI","신주인수권증서","보통주","2019/04/19","2019/04/26",,,,,"0","67963474",,
"50","0340201A","두산중공업 40R","KOSPI","신주인수권증서","보통주","2020/11/18","2020/11/25",,,,,"0","97090343",,
"51","0340201C","두산중공업 44R","KOSPI","신주인수권증서","보통주","2022/01/21","2022/01/28",,,,,"0","66063103",,
"52","3362601A","두산퓨얼셀 9R","KOSPI","신주인수권증서","보통주","2020/11/20","2020/11/27",,,,,"0","9326843",,
"53","20365019","드림시큐리티 6R","KOSDAQ","신주인수권증서","보통주","2019/10/22","2019/10/29",,,,,"0","14793978",,
"54","1926501A","드림텍 18R","KOSPI","신주인수권증서","보통주","2020/11/20","2020/11/27",,,,,"0","2959936",,
"55","09220019","디아이씨6R","KOSPI","신주인수권증서","보통주","2019/07/24","2019/07/31",,,,,"0","11921493",,
"56","03343019","디에스티 57R","KOSDAQ","신주인수권증서","보통주","2019/07/24","2019/07/31",,,,,"0","24646541",,
"57","1271201A","디엔에이링크 17R","KOSDAQ","신주인수권증서","보통주","2020/11/17","2020/11/24",,,,,"0","2492748",,
"58","11381018","디젠스 9R","KOSDAQ","신주인수권증서","보통주","2018/06/01","2018/06/11",,,,,"0","9996552",,
"59","2151001B","로보로보 6R","KOSDAQ","신주인수권증서","보통주","2021/07/12","2021/07/19",,,,,"0","2538801",,
"60","HKG19019","로스웰 3R","KOSDAQ","신주인수권증서","보통주","2019/06/24","2019/07/01",,,,,"0","50993919",,
"61","03235018","롯데관광개발 8R","KOSPI","신주인수권증서","보통주","2018/09/19","2018/10/01",,,,,"0","17484363",,
"62","3305901B","롯데리츠 3R","KOSPI","신주인수권증서","보통주","2021/02/17","2021/02/24",,,,,"0","70985372",,
"63","0277401A","마니커 13R","KOSPI","신주인수권증서","보통주","2020/09/03","2020/09/10",,,,,"0","31980962",,
"64","0277401B","마니커 15R","KOSPI","신주인수권증서","보통주","2021/11/17","2021/11/24",,,,,"0","19034695",,
"65","1955001B","마니커에프앤지 4R","KOSDAQ","신주인수권증서","보통주","2021/05/11","2021/05/18",,,,,"0","4991634",,
"66","3770301C","맥스트 5R","KOSDAQ","신주인수권증서","보통주","2022/03/21","2022/03/28",,,,,"0","1004216",,
"67","0889801A","맥쿼리인프라 6R","KOSPI","신주인수권증서","보통주","2020/11/30","2020/12/07",,,,,"0","23112116",,
"68","0889801B","맥쿼리인프라 7R","KOSPI","신주인수권증서","보통주","2021/07/21","2021/07/28",,,,,"0","32601819",,
"69","0541801B","메디콕스 53R","KOSDAQ","신주인수권증서","보통주","2021/04/15","2021/04/22",,,,,"0","21490125",,
"70","0869001A","메디톡스 16R","KOSDAQ","신주인수권증서","보통주","2020/09/24","2020/10/06",,,,,"0","954150",,
"71","0581101B","멕아이씨에스 7R","KOSDAQ","신주인수권증서","보통주","2021/02/01","2021/02/08",,,,,"0","978228",,
"72","0171801A","명문제약 16R","KOSPI","신주인수권증서","보통주","2020/06/03","2020/06/10",,,,,"0","5653046",,
"73","01286019","모베이스전자 14R","KOSDAQ","신주인수권증서","보통주","2019/12/06","2019/12/13",,,,,"0","24996758",,
"74","1189901A","모트렉스 8R","KOSDAQ","신주인수권증서","보통주","2020/02/07","2020/02/14",,,,,"0","5437443",,
"75","06452018","바른전자 17R","KOSDAQ","신주인수권증서","보통주","2018/11/02","2018/11/09",,,,,"0","29989909",,
"76","1427601A","바이오리더스 38R","KOSDAQ","신주인수권증서","보통주","2020/10/22","2020/10/29",,,,,"0","8217248",,
"77","0038501B","보령제약 27R","KOSPI","신주인수권증서","보통주","2021/06/22","2021/06/29",,,,,"0","4423717",,
"78","00503018","부산주공 23R","KOSPI","신주인수권증서","보통주","2018/06/04","2018/06/12",,,,,"0","10397248",,
"79","0020701A","비비안 16R","KOSPI","신주인수권증서","보통주","2020/09/01","2020/09/08",,,,,"0","12993377",,
"80","10009018","삼강엠앤티 6R","KOSDAQ","신주인수권증서","보통주","2018/07/03","2018/07/10",,,,,"0","6997178",,
"81","00962019","삼보산업 7R","KOSDAQ","신주인수권증서","보통주","2019/11/20","2019/11/27",,,,,"0","11997378",,
"82","2079401C","삼성바이오로직스 3R","KOSPI","신주인수권증서","보통주","2022/03/23","2022/03/30",,,,,"0","4339688",,
"83","00136018","삼성제약 33R","KOSPI","신주인수권증서","보통주","2018/05/24","2018/05/31",,,,,"0","11188529",,
"84","01014018","삼성중공업 15R","KOSPI","신주인수권증서","보통주","2018/03/27","2018/04/03",,,,,"0","191920651",,
"85","0101401B","삼성중공업 18R","KOSPI","신주인수권증서","보통주","2021/10/14","2021/10/21",,,,,"0","199790168",,
"86","00052018","삼일제약 17R","KOSPI","신주인수권증서","보통주","2018/06/26","2018/07/03",,,,,"0","795385",,
"87","01123017","삼화전자공업 11R","KOSPI","신주인수권증서","보통주","2017/12/26","2018/01/04",,,,,"0","4557086",,
"88","02758019","상보 14R","KOSDAQ","신주인수권증서","보통주","2019/07/22","2019/07/29",,,,,"0","14992905",,
"89","09158018","상신이디피 11R","KOSDAQ","신주인수권증서","보통주","2018/06/08","2018/06/18",,,,,"0","1230357",,
"90","17832018","서진시스템 8R","KOSDAQ","신주인수권증서","보통주","2018/07/06","2018/07/13",,,,,"0","2658898",,
"91","01575018","성우하이텍 11R","KOSDAQ","신주인수권증서","보통주","2018/05/30","2018/06/07",,,,,"0","19994937",,
"92","0024201C","세기상사 10R","KOSPI","신주인수권증서","보통주","2022/07/12","2022/07/19",,,,,"0","1016176",,
"93","0530601B","세동 9R","KOSDAQ","신주인수권증서","보통주","2021/06/21","2021/06/28",,,,,"0","4798055",,
"94","0279701A","세하 35R","KOSPI","신주인수권증서","보통주","2020/07/08","2020/07/15",,,,,"0","22397927",,
"95","1452101A","세화아이엠씨 13R","KOSPI","신주인수권증서","보통주","2020/10/20","2020/10/27",,,,,"0","69995776",,
"96","06691019","손오공 10R","KOSDAQ","신주인수권증서","보통주","2019/08/16","2019/08/23",,,,,"0","4991293",,
"97","3363701C","솔루스첨단소재 12R","KOSPI","신주인수권증서","보통주","2022/04/21","2022/04/28",,,,,"0","4481002",,
"98","3363702C","솔루스첨단소재 13PR","KOSPI","신주인수권증서","보통주","2022/04/21","2022/04/28",,,,,"0","1086069",,
"99","29394018","신한알파리츠 4R","KOSPI","신주인수권증서","보통주","2019/01/07","2019/01/14",,,,,"0","9520745",,
"100","2939401A","신한알파리츠 5R","KOSPI","신주인수권증서","보통주","2020/04/29","2020/05/11",,,,,"0","4695165",,
"101","2939401C","신한알파리츠 6R","KOSPI","신주인수권증서","보통주","2022/03/23","2022/03/30",,,,,"0","21492382",,
"102","2228001A","심텍 5R","KOSDAQ","신주인수권증서","보통주","2020/04/07","2020/04/14",,,,,"0","7276494",,
"103","1022801A","쌍방울 8R","KOSPI","신주인수권증서","보통주","2020/07/23","2020/07/30",,,,,"0","99982902",,
"104","0102801B","쌍용정보통신 7R","KOSDAQ","신주인수권증서","보통주","2021/07/08","2021/07/15",,,,,"0","18793358",,
"105","20864019","썸에이지 8R","KOSDAQ","신주인수권증서","보통주","2019/06/18","2019/06/25",,,,,"0","21997423",,
"106","0508901B","쏠리드 17R","KOSDAQ","신주인수권증서","보통주","2021/06/01","2021/06/08",,,,,"0","7788290",,
"107","2970901C","씨에스베어링 4R","KOSDAQ","신주인수권증서","보통주","2022/05/23","2022/05/30",,,,,"0","3908548",,
"108","1126101B","씨에스윈드 3R","KOSPI","신주인수권증서","보통주","2021/01/12","2021/01/19",,,,,"0","3782444",,
"109","1154801B","씨유메디칼 22R","KOSDAQ","신주인수권증서","보통주","2021/07/14","2021/07/21",,,,,"0","14993029",,
"110","0121701B","아센디오 105R","KOSPI","신주인수권증서","보통주","2021/10/19","2021/10/26",,,,,"0","16993067",,
"111","24672018","아스타 4R","KOSDAQ","신주인수권증서","보통주","2018/07/17","2018/07/24",,,,,"0","1997638",,
"112","06739019","아스트 18R","KOSDAQ","신주인수권증서","보통주","2019/05/07","2019/05/14",,,,,"0","7569814",,
"113","10139018","아이엠 9R","KOSDAQ","신주인수권증서","보통주","2018/06/11","2018/06/19",,,,,"0","14994855",,
"114","1230101C","아이윈플러스 44R","KOSDAQ","신주인수권증서","보통주","2022/07/06","2022/07/13",,,,,"0","58997190",,
"115","1854901B","아이진 16R","KOSDAQ","신주인수권증서","보통주","2021/06/02","2021/06/09",,,,,"0","4186607",,
"116","1752501C","아이큐어 15R","KOSDAQ","신주인수권증서","보통주","2022/11/18","2022/11/25",,,,,"0","12310364",,
"117","01331018","아진산업 10R","KOSDAQ","신주인수권증서","보통주","2018/02/21","2018/02/28",,,,,"0","9165301",,
"118","3478601C","알체라 7R","KOSDAQ","신주인수권증서","보통주","2022/10/13","2022/10/20",,,,,"0","3970887",,
"119","09260019","앤씨앤 10R","KOSDAQ","신주인수권증서","보통주","2019/07/24","2019/07/31",,,,,"0","7495529",,
"120","2174801C","에스디생명공학 16R","KOSDAQ","신주인수권증서","보통주","2022/09/22","2022/09/29",,,,,"0","18994817",,
"121","12189018","에스디시스템 3R","KOSDAQ","신주인수권증서","보통주","2018/02/20","2018/02/27",,,,,"0","2023382",,
"122","0959101B","에스에너지 12R","KOSDAQ","신주인수권증서","보통주","2021/07/06","2021/07/13",,,,,"0","4493036",,
"123","1096101A","에스와이 11R","KOSDAQ","신주인수권증서","보통주","2020/09/22","2020/09/29",,,,,"0","9994716",,
"124","2343001B","에스트래픽 11R","KOSDAQ","신주인수권증서","보통주","2021/12/02","2021/12/09",,,,,"0","2789837",,
"125","2343001A","에스트래픽 9R","KOSDAQ","신주인수권증서","보통주","2020/10/23","2020/10/30",,,,,"0","5495374",,
"126","03944018","에스티아이 14R","KOSDAQ","신주인수권증서","보통주","2018/02/27","2018/03/07",,,,,"0","3080557",,
"127","0520201C","에스티큐브 27R","KOSDAQ","신주인수권증서","보통주","2022/04/26","2022/05/03",,,,,"0","11495335",,
"128","2886201A","에스퓨얼셀 3R","KOSDAQ","신주인수권증서","보통주","2020/12/02","2020/12/09",,,,,"0","787028",,
"129","2986901A","에어부산 4R","KOSPI","신주인수권증서","보통주","2020/11/06","2020/11/13",,,,,"0","23990552",,
"130","2986901B","에어부산 5R","KOSPI","신주인수권증서","보통주","2021/09/03","2021/09/10",,,,,"0","106235101",,
"131","2986901C","에어부산 7R","KOSPI","신주인수권증서","보통주","2022/08/31","2022/09/07",,,,,"0","49370012",,
"132","05463019","에이디칩스 21R","KOSDAQ","신주인수권증서","보통주","2019/10/21","2019/10/28",,,,,"0","16991281",,
"133","0546301B","에이디칩스 26R","KOSDAQ","신주인수권증서","보통주","2021/07/22","2021/07/29",,,,,"0","26685760",,
"134","2007101A","에이디테크놀로지 16R","KOSDAQ","신주인수권증서","보통주","2020/06/22","2020/06/29",,,,,"0","3194320",,
"135","01526018","에이엔피 33R","KOSPI","신주인수권증서","보통주","2018/01/25","2018/02/01",,,,,"0","27275030",,
"136","0283001A","에이치엘비 78R","KOSDAQ","신주인수권증서","보통주","2020/05/11","2020/05/18",,,,,"0","4249738",,
"137","0283001C","에이치엘비 86R","KOSDAQ","신주인수권증서","보통주","2022/11/16","2022/11/23",,,,,"0","9499322",,
"138","06763018","에이치엘비생명과학 23R","KOSDAQ","신주인수권증서","보통주","2018/09/21","2018/10/04",,,,,"0","9019133",,
"139","0895301B","에이티세미콘 26R","KOSDAQ","신주인수권증서","보통주","2021/09/07","2021/09/14",,,,,"0","15992366",,
"140","00306019","에이프로젠제약 87R","KOSPI","신주인수권증서","보통주","2019/07/08","2019/07/15",,,,,"0","106886967",,
"141","2302401A","에치에프알 7R","KOSDAQ","신주인수권증서","보통주","2020/12/02","2020/12/09",,,,,"0","795134",,
"142","0645101A","에코마이스터 16R","KOSDAQ","신주인수권증서","보통주","2020/06/19","2020/06/26",,,,,"0","12993787",,
"143","1285401C","에코캡 3R","KOSDAQ","신주인수권증서","보통주","2022/05/06","2022/05/13",,,,,"0","5594430",,
"144","2475401C","에코프로비엠 15R","KOSDAQ","신주인수권증서","보통주","2022/05/30","2022/06/08",,,,,"0","1247167",,
"145","0381101B","에코플라스틱 6R","KOSDAQ","신주인수권증서","보통주","2021/10/21","2021/10/28",,,,,"0","8483631",,
"146","1834902B","엔지켐생명과학 33R","KOSDAQ","신주인수권증서","보통주","2022/02/03","2022/02/10",,,,,"0","5285594",,
"147","0098101A","엔케이물산 76R","KOSPI","신주인수권증서","보통주","2020/12/01","2020/12/08",,,,,"0","37647313",,
"148","CYM0801A","엘브이엠씨홀딩스 8R","KOSPI","신주인수권증서","보통주","2020/09/09","2020/09/16",,,,,"0","33223367",,
"149","0669701A","엘앤에프 24R","KOSDAQ","신주인수권증서","보통주","2020/07/22","2020/07/29",,,,,"0","2958867",,
"150","0669701B","엘앤에프 27R","KOSDAQ","신주인수권증서","보통주","2021/07/02","2021/07/09",,,,,"0","6271752",,
"151","3232301B","엠에프엠코리아 7R","KOSDAQ","신주인수권증서","보통주","2021/11/19","2021/11/26",,,,,"0","9997827",,
"152","0333101B","엠투엔 16R","KOSDAQ","신주인수권증서","보통주","2021/07/29","2021/08/05",,,,,"0","8293218",,
"153","00753018","영신금속 6R","KOSDAQ","신주인수권증서","보통주","2018/04/12","2018/04/19",,,,,"0","6538565",,
"154","14354019","영우디에스피 16R","KOSDAQ","신주인수권증서","보통주","2019/01/29","2019/02/08",,,,,"0","17998022",,
"155","04506018","오공 5R","KOSDAQ","신주인수권증서","보통주","2018/08/24","2018/08/31",,,,,"0","5417098",,
"156","00263019","오리엔트바이오 28R","KOSPI","신주인수권증서","보통주","2019/01/09","2019/01/16",,,,,"0","52184842",,
"157","06550018","오리엔트정공 20R","KOSDAQ","신주인수권증서","보통주","2018/08/03","2018/08/10",,,,,"0","49997154",,
"158","0655001B","오리엔트정공 22R","KOSDAQ","신주인수권증서","보통주","2021/12/20","2021/12/27",,,,,"0","8290500",,
"159","05242018","오성첨단소재 30R","KOSDAQ","신주인수권증서","보통주","2018/04/27","2018/05/08",,,,,"0","17488178",,
"160","0392001C","오스코텍 30R","KOSDAQ","신주인수권증서","보통주","2022/10/21","2022/10/28",,,,,"0","6386115",,
"161","13808019","오이솔루션 6R","KOSDAQ","신주인수권증서","보통주","2019/11/29","2019/12/06",,,,,"0","710849",,
"162","05768018","옴니텔 30R","KOSDAQ","신주인수권증서","보통주","2018/10/15","2018/10/22",,,,,"0","11993652",,
"163","0664301C","와이오엠 69R","KOSDAQ","신주인수권증서","보통주","2022/12/05","2022/12/12",,,,,"0","19996241",,
"164","1180001B","우리들휴브레인21R","KOSPI","신주인수권증서","보통주","2021/06/24","2021/07/01",,,,,"0","27125201",,
"165","0100501A","우리종금 32R","KOSPI","신주인수권증서","보통주","2020/10/13","2020/10/20",,,,,"0","181635193",,
"166","01862018","우진비앤지 13R","KOSDAQ","신주인수권증서","보통주","2018/01/15","2018/01/22",,,,,"0","2397562",,
"167","01862019","우진비앤지 15R","KOSDAQ","신주인수권증서","보통주","2019/01/24","2019/01/31",,,,,"0","9747841",,
"168","09572018","웅진씽크빅 7R","KOSPI","신주인수권증서","보통주","2018/12/21","2019/01/02",,,,,"0","33594377",,
"169","03294018","원익 12R","KOSDAQ","신주인수권증서","보통주","2018/03/26","2018/04/02",,,,,"0","5298283",,
"170","0952701A","웨이브일렉트로 13R","KOSDAQ","신주인수권증서","보통주","2020/09/04","2020/09/11",,,,,"0","3697596",,
"171","01800018","유니슨 20R","KOSDAQ","신주인수권증서","보통주","2018/01/22","2018/01/29",,,,,"0","12988127",,
"172","1422101C","유니트론텍 7R","KOSDAQ","신주인수권증서","보통주","2022/05/16","2022/05/23",,,,,"0","2993990",,
"173","2066501A","유바이오로직스 44R","KOSDAQ","신주인수권증서","보통주","2020/12/02","2020/12/09",,,,,"0","3661565",,
"174","2630501C","유틸렉스 29R","KOSDAQ","신주인수권증서","보통주","2022/06/15","2022/06/22",,,,,"0","6991798",,
"175","2157901A","이노인스트루먼트 7R","KOSDAQ","신주인수권증서","보통주","2020/03/18","2020/03/25",,,,,"0","19997198",,
"176","06544018","이루온 10R","KOSDAQ","신주인수권증서","보통주","2018/08/27","2018/09/03",,,,,"0","11996822",,
"177","0076601B","이수페타시스 5R","KOSPI","신주인수권증서","보통주","2021/10/13","2021/10/20",,,,,"0","17575605",,
"178","0059501A","이수화학 21R","KOSPI","신주인수권증서","보통주","2020/07/13","2020/07/20",,,,,"0","7793485",,
"179","0911201C","이엠텍 25R","KOSDAQ","신주인수권증서","보통주","2022/06/24","2022/07/01",,,,,"0","1236849",,
"180","2940901B","이오플로우 14R","KOSDAQ","신주인수권증서","보통주","2021/12/21","2021/12/28",,,,,"0","2984797",,
"181","0332301A","인성정보 21R","KOSDAQ","신주인수권증서","보통주","2020/12/28","2021/01/06",,,,,"0","8316762",,
"182","1893001B","인텔리안테크 12R","KOSDAQ","신주인수권증서","보통주","2021/07/08","2021/07/15",,,,,"0","1508237",,
"183","05845018","일야 7R","KOSDAQ","신주인수권증서","보통주","2018/10/18","2018/10/25",,,,,"0","6116768",,
"184","08100019","일진다이아몬드 5R","KOSPI","신주인수권증서","보통주","2019/07/17","2019/07/24",,,,,"0","2333891",,
"185","0207601B","일진디스플 19R","KOSPI","신주인수권증서","보통주","2021/01/25","2021/02/01",,,,,"0","4917362",,
"186","0207601C","일진디스플레이 20R","KOSPI","신주인수권증서","보통주","2022/02/11","2022/02/21",,,,,"0","13627320",,
"187","2216101A","자안 8R","KOSDAQ","신주인수권증서","보통주","2020/11/20","2020/11/27",,,,,"0","139994414",,
"188","04391019","자연과환경 32R","KOSDAQ","신주인수권증서","보통주","2019/07/19","2019/07/26",,,,,"0","19189903",,
"189","0439101B","자연과환경 34R","KOSDAQ","신주인수권증서","보통주","2021/12/21","2021/12/28",,,,,"0","19479628",,
"190","2892201B","자이언트스텝 11R","KOSDAQ","신주인수권증서","보통주","2021/11/24","2021/12/01",,,,,"0","1154837",,
"191","3174001B","자이에스앤디 3R","KOSPI","신주인수권증서","보통주","2021/04/09","2021/04/16",,,,,"0","9589512",,
"192","04963018","재영솔루텍 13R","KOSDAQ","신주인수권증서","보통주","2018/11/29","2018/12/06",,,,,"0","24990971",,
"193","1100201A","전진바이오팜 22R","KOSDAQ","신주인수권증서","보통주","2020/11/05","2020/11/12",,,,,"0","1245159",,
"194","2081401A","정다운 10R","KOSDAQ","신주인수권증서","보통주","2020/09/22","2020/09/29",,,,,"0","10796923",,
"195","0957001C","제넥신 149R","KOSDAQ","신주인수권증서","보통주","2022/12/15","2022/12/22",,,,,"0","5750084",,
"196","3489501C","제이알글로벌리츠 4R","KOSPI","신주인수권증서","보통주","2022/06/28","2022/07/05",,,,,"0","31766270",,
"197","0256201B","제이준코스메틱 92R","KOSPI","신주인수권증서","보통주","2021/07/08","2021/07/15",,,,,"0","18489671",,
"198","03642018","제이콘텐트리 25R","KOSDAQ","신주인수권증서","보통주","2018/08/22","2018/08/29",,,,,"0","29991028",,
"199","00622018","제주은행 27R","KOSPI","신주인수권증서","보통주","2018/10/19","2018/10/26",,,,,"0","7997826",,
"200","0895901A","제주항공 13R","KOSPI","신주인수권증서","보통주","2020/07/22","2020/07/29",,,,,"0","9693746",,
"201","0895901B","제주항공 15R","KOSPI","신주인수권증서","보통주","2021/09/30","2021/10/08",,,,,"0","8976417",,
"202","0895901C","제주항공 16R","KOSPI","신주인수권증서","보통주","2022/10/18","2022/10/25",,,,,"0","21747204",,
"203","0184701B","조일알미늄 14R","KOSPI","신주인수권증서","보통주","2021/11/24","2021/12/01",,,,,"0","15973988",,
"204","0333401A","좋은사람들 8R","KOSDAQ","신주인수권증서","보통주","2020/01/15","2020/03/13",,,,,"0","19987519",,
"205","07202018","중앙백신 4R","KOSDAQ","신주인수권증서","보통주","2018/06/26","2018/07/03",,,,,"0","880281",,
"206","20484019","지엘팜텍 11R","KOSDAQ","신주인수권증서","보통주","2019/12/24","2020/01/03",,,,,"0","8894354",,
"207","0516301C","진양화학 6R","KOSPI","신주인수권증서","보통주","2022/07/21","2022/07/28",,,,,"0","3797973",,
"208","2724501A","진에어 4R","KOSPI","신주인수권증서","보통주","2020/10/08","2020/10/16",,,,,"0","11988571",,
"209","2724501B","진에어 5R","KOSPI","신주인수권증서","보통주","2021/10/18","2021/10/25",,,,,"0","5735939",,
"210","01100019","진원생명과학 36R","KOSPI","신주인수권증서","보통주","2019/12/30","2020/01/08",,,,,"0","10991926",,
"211","0110001A","진원생명과학 39R","KOSPI","신주인수권증서","보통주","2020/06/08","2020/06/15",,,,,"0","11472430",,
"212","0110001B","진원생명과학 49R","KOSPI","신주인수권증서","보통주","2021/10/28","2021/11/04",,,,,"0","5679322",,
"213","0663601B","체리부로 6R","KOSDAQ","신주인수권증서","보통주","2021/08/23","2021/08/30",,,,,"0","18996045",,
"214","0332501A","체시스 8R","KOSPI","신주인수권증서","보통주","2020/12/24","2021/01/05",,,,,"0","6394151",,
"215","0478201A","초록뱀 43R","KOSDAQ","신주인수권증서","보통주","2020/07/17","2020/07/24",,,,,"0","35566025",,
"216","2846201C","카이노스메드 42R","KOSDAQ","신주인수권증서","보통주","2022/08/12","2022/08/22",,,,,"0","5594048",,
"217","1196501C","케이씨코트렐 8R","KOSPI","신주인수권증서","보통주","2022/12/02","2022/12/09",,,,,"0","16475538",,
"218","1053301A","케이엔더블유 6R","KOSDAQ","신주인수권증서","보통주","2020/08/25","2020/09/01",,,,,"0","4599344",,
"219","03250018","케이엠더블유 4R","KOSDAQ","신주인수권증서","보통주","2018/11/21","2018/11/28",,,,,"0","2163006",,
"220","2254301A","케이엠제약 6R","KOSDAQ","신주인수권증서","보통주","2020/11/04","2020/11/11",,,,,"0","6493195",,
"221","3571201C","코람코에너지리츠 3R","KOSPI","신주인수권증서","보통주","2022/04/01","2022/04/08",,,,,"0","18910367",,
"222","0786501A","코렌 17R","KOSDAQ","신주인수권증서","보통주","2020/10/14","2020/10/21",,,,,"0","24295626",,
"223","1928201B","코스맥스3R","KOSPI","신주인수권증서","보통주","2021/06/03","2021/06/10",,,,,"0","1026715",,
"224","00507019","코스모신소재 35R","KOSPI","신주인수권증서","보통주","2019/10/07","2019/10/15",,,,,"0","7590502",,
"225","00542019","코스모화학 27R","KOSPI","신주인수권증서","보통주","2019/11/18","2019/11/25",,,,,"0","7988771",,
"226","0054201C","코스모화학 29R","KOSPI","신주인수권증서","보통주","2022/05/25","2022/06/02",,,,,"0","2694852",,
"227","0030701C","코오롱글로벌 42PR","KOSPI","신주인수권증서","보통주","2022/11/16","2022/11/23",,,,,"0","715102",,
"228","1218501C","코이즈 13R","KOSDAQ","신주인수권증서","보통주","2022/05/06","2022/05/13",,,,,"0","2990469",,
"229","1218502C","코이즈 14R","KOSDAQ","신주인수권증서","보통주","2022/12/02","2022/12/09",,,,,"0","10990122",,
"230","12185019","코이즈 9R","KOSDAQ","신주인수권증서","보통주","2019/07/18","2019/07/25",,,,,"0","3499088",,
"231","03182018","콤텍시스템 6R","KOSPI","신주인수권증서","보통주","2018/02/22","2018/03/02",,,,,"0","12796294",,
"232","03182019","콤텍시스템 7R","KOSPI","신주인수권증서","보통주","2019/09/23","2019/09/30",,,,,"0","15994447",,
"233","0318201B","콤텍시스템 8R","KOSPI","신주인수권증서","보통주","2021/07/28","2021/08/04",,,,,"0","42549778",,
"234","06028018","큐렉소 14R","KOSDAQ","신주인수권증서","보통주","2018/01/30","2018/02/06",,,,,"0","4432858",,
"235","04359018","크로바하이텍 7R","KOSDAQ","신주인수권증서","보통주","2018/08/23","2018/08/30",,,,,"0","10297250",,
"236","11412018","크루셜텍 17R","KOSDAQ","신주인수권증서","보통주","2018/11/23","2018/11/30",,,,,"0","19987400",,
"237","08379018","크리스탈 46R","KOSDAQ","신주인수권증서","보통주","2018/06/07","2018/06/15",,,,,"0","2556129",,
"238","2144201B","토니모리 5R","KOSPI","신주인수권증서","보통주","2021/12/01","2021/12/08",,,,,"0","5494625",,
"239","02615018","특수건설 7R","KOSDAQ","신주인수권증서","보통주","2018/09/21","2018/10/04",,,,,"0","4997548",,
"240","0261501B","특수건설9R","KOSDAQ","신주인수권증서","보통주","2021/07/23","2021/07/30",,,,,"0","1481575",,
"241","0918101A","티웨이항공 19R","KOSPI","신주인수권증서","보통주","2020/07/10","2020/07/17",,,,,"0","19989966",,
"242","0918102A","티웨이항공 19R","KOSPI","신주인수권증서","보통주","2020/10/21","2020/10/28",,,,,"0","35989141",,
"243","0918101C","티웨이항공 22R","KOSPI","신주인수권증서","보통주","2022/04/01","2022/04/08",,,,,"0","39965118",,
"244","0048701B","티웨이홀딩스 52R","KOSPI","신주인수권증서","보통주","2021/12/03","2021/12/10",,,,,"0","31993053",,
"245","2083401B","파멥신 18R","KOSDAQ","신주인수권증서","보통주","2021/07/23","2021/07/30",,,,,"0","6287667",,
"246","13176019","파인텍 13R","KOSDAQ","신주인수권증서","보통주","2019/04/15","2019/04/22",,,,,"0","32995862",,
"247","0328001B","판타지오 39R","KOSDAQ","신주인수권증서","보통주","2021/05/20","2021/05/27",,,,,"0","249991674",,
"248","0870101A","펩트론 18R","KOSDAQ","신주인수권증서","보통주","2020/12/02","2020/12/09",,,,,"0","5019777",,
"249","09008019","평화산업 5R","KOSPI","신주인수권증서","보통주","2019/07/16","2019/07/23",,,,,"0","18700000",,
"250","0166701A","포비스티앤씨 22R","KOSDAQ","신주인수권증서","보통주","2020/06/23","2020/06/30",,,,,"0","43295737",,
"251","0036701A","포스코케미칼 6R","KOSPI","신주인수권증서","보통주","2020/12/28","2021/01/06",,,,,"0","14489286",,
"252","2341001C","폴라리스세원 9R","KOSDAQ","신주인수권증서","보통주","2022/06/28","2022/07/05",,,,,"0","9976559",,
"253","2201001A","퓨쳐켐 18R","KOSDAQ","신주인수권증서","보통주","2020/07/10","2020/07/17",,,,,"0","3798131",,
"254","2201001C","퓨쳐켐 21R","KOSDAQ","신주인수권증서","보통주","2022/09/23","2022/09/30",,,,,"0","3305012",,
"255","0578801B","피에이치씨 33R","KOSDAQ","신주인수권증서","보통주","2021/08/19","2021/08/26",,,,,"0","37972697",,
"256","0331801B","필룩스 34R","KOSPI","신주인수권증서","보통주","2021/02/24","2021/03/04",,,,,"0","36056974",,
"257","0673101B","하나마이크론 12R","KOSDAQ","신주인수권증서","보통주","2021/11/23","2021/11/30",,,,,"0","7988039",,
"258","0391301C","하나투어 14R","KOSPI","신주인수권증서","보통주","2022/06/02","2022/06/10",,,,,"0","1643446",,
"259","3528201B","하이브 8R","KOSPI","신주인수권증서","보통주","2021/05/06","2021/05/13",,,,,"0","2188181",,
"260","2568401C","한국비엔씨 16R","KOSDAQ","신주인수권증서","보통주","2022/02/17","2022/02/24",,,,,"0","12940696",,
"261","0807201A","한국유니온제약 5R","KOSDAQ","신주인수권증서","보통주","2020/08/20","2020/08/27",,,,,"0","1993056",,
"262","02376019","한국캐피탈 12R","KOSDAQ","신주인수권증서","보통주","2019/10/23","2019/10/30",,,,,"0","147396962",,
"263","00918018","한솔로지스틱스 16R","KOSPI","신주인수권증서","보통주","2018/10/17","2018/10/24",,,,,"0","8794338",,
"264","00471019","한솔테크닉스 37R","KOSPI","신주인수권증서","보통주","2019/06/13","2019/06/20",,,,,"0","7992165",,
"265","02474018","한일단조 9R","KOSDAQ","신주인수권증서","보통주","2018/02/02","2018/02/09",,,,,"0","11997052",,
"266","12384018","한일진공 15R","KOSDAQ","신주인수권증서","보통주","2018/02/05","2018/02/12",,,,,"0","14993593",,
"267","0023201A","한진 25R","KOSPI","신주인수권증서","보통주","2020/10/13","2020/10/20",,,,,"0","2373576",,
"268","0051101A","한창 45R","KOSPI","신주인수권증서","보통주","2020/08/28","2020/09/04",,,,,"0","31989870",,
"269","0026801C","한탑 8R","KOSDAQ","신주인수권증서","보통주","2022/04/21","2022/04/28",,,,,"0","6497161",,
"270","0098301B","한화솔루션 47R","KOSPI","신주인수권증서","보통주","2021/02/05","2021/02/16",,,,,"0","24997966",,
"271","0098301C","한화솔루션 48PR","KOSPI","신주인수권증서","보통주","2022/12/22","2022/12/29",,,,,"0","1558868",,
"272","2722101B","한화시스템 3R","KOSPI","신주인수권증서","보통주","2021/05/13","2021/05/21",,,,,"0","62911259",,
"273","07661019","해성옵틱스 4R","KOSDAQ","신주인수권증서","보통주","2019/03/11","2019/03/18",,,,,"0","11669856",,
"274","0766101B","해성옵틱스 9R","KOSDAQ","신주인수권증서","보통주","2021/06/25","2021/07/02",,,,,"0","39996011",,
"275","08499019","헬릭스미스 31R","KOSDAQ","신주인수권증서","보통주","2019/07/18","2019/07/25",,,,,"0","1053022",,
"276","0849901A","헬릭스미스 35R","KOSDAQ","신주인수권증서","보통주","2020/12/03","2020/12/10",,,,,"0","7471356",,
"277","0007201B","현대건설 68PR","KOSPI","신주인수권증서","보통주","2021/10/01","2021/10/12",,,,,"0","1832367",,
"278","0426701B","현대두산인프라코어 36R","KOSPI","신주인수권증서","보통주","2021/11/24","2021/12/01",,,,,"0","92025792",,
"279","26726019","현대일렉트릭 5R","KOSPI","신주인수권증서","보통주","2019/11/25","2019/12/02",,,,,"0","12529034",,
"280","00954018","현대중공업 6R","KOSPI","신주인수권증서","보통주","2018/02/21","2018/02/28",,,,,"0","9954041",,
"281","0110801C","형지I&C 12R","KOSDAQ","신주인수권증서","보통주","2022/11/14","2022/11/21",,,,,"0","12494717",,
"282","09324019","형지엘리트 11R","KOSPI","신주인수권증서","보통주","2019/01/11","2019/01/18",,,,,"0","11996246",,
"283","0605601B","홈센타홀딩스 16R","KOSDAQ","신주인수권증서","보통주","2021/02/08","2021/02/17",,,,,"0","42553360",,
"284","03961018","화성밸브 7R","KOSDAQ","신주인수권증서","보통주","2019/01/02","2019/01/09",,,,,"0","725573",,
"285","1151601B","휴맥스 4R","KOSDAQ","신주인수권증서","보통주","2021/05/10","2021/05/17",,,,,"0","10991071",,
"286","0050101C","휴스틸 37R","KOSPI","신주인수권증서","보통주","2022/11/18","2022/11/25",,,,,"0","14867851",,
"287","00328017","흥아해운 14R","KOSPI","신주인수권증서","보통주","2018/01/02","2018/01/09",,,,,"0","32790924",,
"288","71901B96","KB 와이즈 스타 부동산 자 2 A","KOSPI","수익증권","보통주","2019/09/23","2022/12/29","수익증권 신탁기간의 만료 또는 전액 중도 환수",,,,"1000","5176619","047210","케이비자산운용"
"289","71902B96","KB 와이즈 스타 부동산 자 2 C-F","KOSPI","수익증권","보통주","2019/09/23","2022/12/29","수익증권 신탁기간의 만료 또는 전액 중도 환수",,,,"1000","98800000","047210","케이비자산운용"
"290","71903B96","KB 와이즈 스타 부동산 자 2 C-I","KOSPI","수익증권","보통주","2019/09/23","2022/12/29","수익증권 신탁기간의 만료 또는 전액 중도 환수",,,,"1000","8000000","047210","케이비자산운용"
"291","342550","케이비제20호스팩","KOSDAQ","주권","보통주","2020/01/30","2022/12/29","피흡수합병(스팩소멸합병)",,,"금융","100","6501000",,
"292","329020","오션스톤","KONEX","주권","보통주","2020/05/07","2022/12/27","지정자문인 선임계약 해지 후 30일 이내 미체결(2022.12.13 限)","2022/12/16","2022/12/26","-","500","835152",,
"293","349720","이베스트스팩5호","KOSDAQ","주권","보통주","2020/05/20","2022/12/26","상장예비심사 청구서 미제출로 관리종목 지정 후 1개월 이내 동 사유 미해소","2022/12/15","2022/12/23","금융","100","3620000",,
"294","341160","하나금융15호스팩","KOSDAQ","주권","보통주","2020/01/30","2022/12/23","피흡수합병(스팩소멸합병)",,,"금융","100","4710000",,
"295","217600","켐온","KOSDAQ","주권","보통주","2015/06/26","2022/12/16","피흡수합병",,,"기타서비스","100","63861340",,
"296","290510","코리아센터","KOSDAQ","주권","보통주","2019/11/29","2022/12/16","피흡수합병",,,"소프트웨어","100","114534446",,
"297","367460","유안타제7호스팩","KOSDAQ","주권","보통주","2020/12/28","2022/12/08","피흡수합병(스팩소멸합병)",,,"금융","100","5500000",,
"298","131390","원익피앤이","KOSDAQ","주권","보통주","2011/09/27","2022/11/29","피흡수합병",,,"일반전기전자","500","14818910",,
"299","158310","참존글로벌","KOSDAQ","주권","보통주","2013/04/03","2022/11/09","기업의 계속성 및 경영의 투명성 등을 종합적으로 고려하여 상장폐지기준에 해당한다고 결정","2022/10/31","2022/11/08","기계·장비","500","47841128",,
"300","060300","레드로버","KOSDAQ","주권","보통주","2002/01/10","2022/11/04","기업의 계속성 및 경영의 투명성 등을 종합적을 고려하여 상장폐지기준에 해당한다고 결정","2022/10/26","2022/11/03","오락·문화","500","29231297",,
"301","347140","케이프이에스제4호","KOSDAQ","주권","보통주","2020/03/24","2022/10/31","상장예비심사 청구서 미제출로 관리종목 지정 후 1개월 이내 동 사유 미해소","2022/10/20","2022/10/28","금융","100","3009000",,
"302","126870","뉴로스","KOSDAQ","주권","보통주","2012/02/15","2022/10/26","감사의견 거절(감사범위 제한 및 계속기업 존속능력 불확실성)","2022/10/17","2022/10/25","기계·장비","500","35639398",,
"303","337450","SK5호스팩","KOSDAQ","주권","보통주","2019/12/04","2022/10/18","피흡수합병(스팩소멸합병)",,,"금융","100","4310000",,
"304","340350","SK6호스팩","KOSDAQ","주권","보통주","2020/03/11","2022/10/18","상장예비심사 청구서 미제출로 관리종목 지정 후 1개월 이내 동 사유 미해소","2022/10/06","2022/10/17","금융","100","5710000",,
"305","090740","연이비앤티","KOSDAQ","주권","보통주","2007/09/19","2022/10/17","기업의 계속성 및 경영의 투명성 등을 종합적으로 고려하여 상장폐지기준에 해당한다고 결정","2022/10/05","2022/10/14","IT부품","500","22459415",,
"306","182690","테라셈","KOSDAQ","주권","보통주","2014/10/30","2022/10/17","감사의견 거절(감사범위 제한)","2022/10/06","2022/10/14","유통","500","21163148",,
"307","07661219","해성옵틱스 6WR","KOSDAQ","신주인수권증권","보통주","2019/11/25","2022/10/12","신주인수권 행사기간 만료",,,,"0","7034345","076610","해성옵틱스"
"308","046110","한일네트웍스","KOSDAQ","주권","보통주","2006/01/20","2022/10/05","상장폐지 신청('22.08.31)","2022/09/23","2022/10/04","컴퓨터서비스","500","11954227",,
"309","332710","하나금융14호스팩","KOSDAQ","주권","보통주","2019/11/01","2022/09/26","상장예비심사 청구서 미제출로 관리종목 지정 후 1개월 이내 동사유 미해소","2022/09/15","2022/09/23","금융","100","4410000",,
"310","127160","매직마이크로","KOSDAQ","주권","보통주","2015/11/19","2022/09/22","감사의견 거절(감사범위 제한 및 계속기업 존속능력 불확실성)","2022/09/16","2022/09/21","반도체","100","86623501",,
"311","75701B93","현대유퍼스트부동산25호 A","KOSPI","수익증권","보통주","2019/05/31","2022/09/08","수익증권 신탁기간의 만료 또는 전액 중도 환수",,,,"1000","33565491",,"현대자산운용"
"312","75702B93","현대유퍼스트부동산25호 C-i","KOSPI","수익증권","보통주","2019/05/31","2022/09/08","수익증권 신탁기간의 만료 또는 전액 중도 환수",,,,"1000","200000",,"현대자산운용"
"313","053110","소리바다","KOSDAQ","주권","보통주","2001/10/09","2022/09/07","감사의견 거절(감사범위 제한)","2022/08/29","2022/09/06","디지털컨텐츠","500","8940349",,
"314","71901B92","KB와이즈스타부동산1A","KOSPI","수익증권","보통주","2019/05/17","2022/08/31","수익증권 신탁기간의 만료 또는 전액 중도 환수",,,,"1000","70538605","047210","케이비자산운용"
"315","71903B92","KB와이즈스타부동산1C-F","KOSPI","수익증권","보통주","2019/05/17","2022/08/31","수익증권 신탁기간의 만료 또는 전액 중도 환수",,,,"1000","700000","047210","케이비자산운용"
"316","71902B92","KB와이즈스타부동산1C-퇴직","KOSPI","수익증권","보통주","2019/05/17","2022/08/31","수익증권 신탁기간의 만료 또는 전액 중도 환수",,,,"1000","3765000","047210","케이비자산운용"
"317","75901BB7","KIAMCO 뉴딜인프라","KOSPI","수익증권","보통주","2021/10/15","2022/08/30","수익증권 신탁기간의 만료 또는 전액 중도 환수",,,,"1000","10000000","397360","케이디비인프라"
"318","08280218","비보존 헬스케어 5WR","KOSDAQ","신주인수권증권","보통주","2018/03/27","2022/08/29","기초주권의 관리종목 지정","2022/08/18","2022/08/26",,"0","189435","082800","비보존 제약"
"319","06679217","씨씨에스 1WR","KOSDAQ","신주인수권증권","보통주","2021/05/03","2022/08/29","신주인수권 행사기간 만료",,,,"0","2428190","066790","씨씨에스"
"320","70101781","도쿄중소형오피스1","KOSPI","수익증권","보통주","2018/01/22","2022/08/17","수익증권 신탁기간의 만료 또는 전액 중도 환수",,,,"1000","26958739","047240","한국투자신탁운용"
"321","340120","하이제5호스팩","KOSDAQ","주권","보통주","2019/12/23","2022/07/28","상장예비심사 청구서 미제출로 관리종목 지정 후 1개월 이내 동사유 미해소","2022/07/19","2022/07/27","금융","100","5020000",,
"322","002270","롯데푸드","KOSPI","주권","보통주","1973/05/09","2022/07/20","해산 사유 발생",,,"음식료품","5000","1209055",,
"323","016385","KG스틸우","KOSPI","주권","구형우선주","1989/09/21","2022/07/15","종류주식 상장주식수 미달 2반기 계속",,,"철강금속","5000","53385","016380","KG스틸"
"324","001529","동양3우B","KOSPI","주권","신형우선주","2007/08/03","2022/07/15","종류주식 상장주식수 미달 2반기 계속",,,"비금속광물","500","89722","001520","동양"
"325","009275","신원우","KOSPI","주권","구형우선주","1989/03/07","2022/07/15","종류주식 상장주식수 미달 2반기 계속",,,"섬유의복","500","90740","009270","신원"
"326","04204217","케이피엠테크 5WR","KOSDAQ","신주인수권증권","보통주","2017/08/25","2022/07/12","신주인수권 행사기간 만료",,,,"0","66234","042040","케이피엠테크"
"327","0340221B","두산에너빌리티 2WR","KOSPI","신주인수권증권","보통주","2021/07/21","2022/07/04","신주인수권증권 행사기간 및 행사의 만료",,,,"0","4479391","034020","두산에너빌리티"
"328","74703B96","이지스리테일287호 Class A","KOSPI","수익증권","보통주","2019/08/30","2022/07/04","수익증권 신탁기간의 만료 또는 전액 중도 환수",,,,"1000","39495241","139150","이지스자산운용"
"329","74702B96","이지스리테일287호 Class C-I","KOSPI","수익증권","보통주","2019/08/30","2022/07/04","수익증권 신탁기간의 만료 또는 전액 중도 환수",,,,"1000","200000","139150","이지스자산운용"
"330","74704B96","이지스리테일287호 Class C-P","KOSPI","수익증권","보통주","2019/08/30","2022/07/04","수익증권 신탁기간의 만료 또는 전액 중도 환수",,,,"1000","2304001","139150","이지스자산운용"
"331","04267217","현대두산인프라코어 1WR","KOSPI","신주인수권증권","보통주","2017/08/22","2022/07/04","신주인수권증권 행사기간 및 행사의 만료",,,,"0","4873497","042670","HD현대인프라코어"
"332","74401773","맵스호주2호","KOSPI","수익증권","보통주","2017/06/12","2022/06/30","수익증권 신탁기간의 만료 또는 전액 중도 환수",,,,"1000","137478903","036320","미래에셋자산운용"
"333","216280","원텍","KONEX","주권","보통주","2015/04/29","2022/06/30","피흡수합병",,,"-","500","6330040",,
"334","00004217","KR모터스 1WR","KOSPI","신주인수권증권","보통주","2017/08/14","2022/06/29","신주인수권증권 행사기간 및 행사의 만료",,,,"0","30439305","000040","KR모터스"
"335","176440","에이치엔티","KOSDAQ","주권","보통주","2016/11/28","2022/06/27","기업의 계속성 및 경영의 투명성 등을 종합적을 고려하여 상장폐지기준에 해당한다고 결정","2022/06/16","2022/06/24","IT부품","100","85739345",,
"336","00306217","에이프로젠제약 13WR","KOSPI","신주인수권증권","보통주","2017/08/09","2022/06/21","신주인수권증권 행사기간 및 행사의 만료",,,,"0","12181109","003060","에이프로젠바이오로직스"
"337","309900","티티씨디펜스","KONEX","주권","보통주","2019/06/27","2022/06/16","외부감사인의 감사의견 의견거절","2022/06/07","2022/06/15","-","500","10000000",,
"338","220630","맘스터치","KOSDAQ","주권","보통주","2015/08/28","2022/05/31","상장폐지 신청('22.03.30)","2022/05/20","2022/05/30","유통","1000","10181753",,
"339","050320","에스에이치엔엘","KOSDAQ","주권","보통주","2002/01/15","2022/05/31","감사의견 거절","2022/05/20","2022/05/30","금속","100","65661760",,
"340","052190","세영디앤씨","KOSDAQ","주권","보통주","2001/06/21","2022/05/27","감사의견 거절(감사범위 제한 및 계속기업 존속능력에 대한 불확실성)","2022/05/18","2022/05/26","오락·문화","500","5331891",,
"341","950180","SNK","KOSDAQ","주식예탁증권","보통주","2019/05/07","2022/05/18","상장폐지 신청('22.04.14)","2022/05/09","2022/05/17","출판·매체복제","무액면","21061800",,
"342","240340","인터코스","KONEX","주권","보통주","2016/04/21","2022/05/17","외부감사인의 감사의견 의견거절","2022/05/06","2022/05/16","-","500","3346323",,
"343","70901B95","대신Japan하임03호A","KOSPI","수익증권","보통주","2019/08/09","2022/05/13","수익증권 신탁기간의 만료 또는 전액 중도 환수",,,,"1000","74943000","030660","대신자산운용"
"344","70902B95","대신Japan하임03호C-I","KOSPI","수익증권","보통주","2019/08/09","2022/05/13","수익증권 신탁기간의 만료 또는 전액 중도 환수",,,,"1000","4857000","030660","대신자산운용"
"345","70903B95","대신Japan하임03호C-W","KOSPI","수익증권","보통주","2019/08/09","2022/05/13","수익증권 신탁기간의 만료 또는 전액 중도 환수",,,,"1000","200000","030660","대신자산운용"
"346","330990","케이비제19호스팩","KOSDAQ","주권","보통주","2019/09/30","2022/05/09","상장예비심사 청구서 미제출로 관리종목 지정 후 1개월 이내 동사유 미해소","2022/04/27","2022/05/06","금융","100","4301000",,
"347","225850","미애부","KONEX","주권","보통주","2015/12/08","2022/04/27","감사의견 의견거절(감사범위제한 및 계속기업 존속불확실성)","2022/04/18","2022/04/26","-","500","4998499",,
"348","225860","엠앤씨생명과학","KONEX","주권","보통주","2017/04/25","2022/04/27","감사의견 의견거절(감사범위제한 및 계속기업 존속불확실성)","2022/04/18","2022/04/26","-","100","17037138",,
"349","053660","현진소재","KOSDAQ","주권","보통주","2002/02/15","2022/04/26","감사의견 거절(감사범위 제한 및 계속기업 존속능력에 대한 불확실성)","2022/04/15","2022/04/25","금속","500","53201003",,
"350","039670","스포츠서울","KOSDAQ","주권","보통주","2004/01/16","2022/04/20","기업의 계속성 및 경영의 투명성 등을 종합적으로 고려하여 상장폐지기준에 해당한다고 결정","2022/04/11","2022/04/19","출판·매체복제","500","9211617",,
"351","041140","넥슨지티","KOSDAQ","주권","보통주","2000/07/25","2022/04/15","피흡수합병",,,"디지털컨텐츠","500","35373322",,
"352","270020","이십일스토어","KONEX","주권","보통주","2017/09/08","2022/04/14","사업보고서 법정제출기한('22.3.31限) 내 미제출","2022/04/05","2022/04/13","-","500","3149019",,
"353","153360","하이골드3호","KOSPI","선박투자회사","보통주","2012/05/04","2022/04/11","감사의견 부적정","2022/03/31","2022/04/08","서비스업","5000","16149790",,
"354","066110","한프","KOSDAQ","주권","보통주","2002/07/16","2022/04/06","감사의견 거절(감사범위 제한)","2022/03/28","2022/04/05","정보기기","500","76844272",,
"355","03402217","두산중공업 1WR","KOSPI","신주인수권증권","보통주","2017/05/26","2022/04/05","신주인수권증권 행사기간 및 행사의 만료",,,,"0","9871834","034020","두산에너빌리티"
"356","2696221B","시스웍 7WR","KOSDAQ","신주인수권증권","보통주","2021/11/17","2022/04/05","기초주권 관리종목 지정","2022/03/25","2022/04/04",,"0","24626944","269620","시스웍"
"357","329560","상상인이안제2호스팩","KOSDAQ","주권","보통주","2019/08/30","2022/04/04","상장예비심사 청구서 미제출로 관리종목 지정 후 1개월 이내 동사유 미해소","2022/03/24","2022/04/01","금융","100","3850000",,
"358","0663621A","체리부로 1WR","KOSDAQ","신주인수권증권","보통주","2020/10/14","2022/04/01","기초주권의 관리종목 지정","2022/03/23","2022/03/31",,"0","5928385","066360","체리부로"
"359","05242217","오성첨단소재 20WR","KOSDAQ","신주인수권증권","보통주","2017/05/16","2022/03/29","기초주권의 관리종목지정 및 신주인수권 행사기간 만료","2022/03/24","2022/03/24",,"0","29793012","052420","오성첨단소재"
"360","138250","엔에스쇼핑","KOSPI","주권","보통주","2015/03/27","2022/03/22","지주회사(최대주주등)의 완전자회사화 등",,,"유통업","500","33696000",,
"361","225330","씨엠에스에듀","KOSDAQ","주권","보통주","2016/04/07","2022/03/17","피흡수합병",,,"기타서비스","500","18634628",,
"362","327970","케어룸의료산업","KONEX","주권","보통주","2019/08/05","2022/03/11","상장폐지 신청","2022/02/28","2022/03/10","-","500","1000000",,
"363","114570","지스마트글로벌","KOSDAQ","주권","보통주","2010/02/04","2022/02/23","감사의견 거절(감사범위 제한 및 계속기업 존속능력에 대한 불확실성)","2022/02/14","2022/02/22","유통","500","11339394",,
"364","007630","폴루스바이오팜","KOSPI","주권","보통주","1988/10/24","2022/02/22","감사의견 의견거절 2년 계속","2022/02/11","2022/02/21","유통업","500","45007695",,
"365","00064217","동아쏘시오홀딩스 2WR","KOSPI","신주인수권증권","보통주","2017/03/31","2022/02/17","신주인수권증권 행사기간 및 행사의 만료",,,,"0","585433","000640","동아쏘시오홀딩스"
"366","323210","이베스트이안스팩1호","KOSDAQ","주권","보통주","2019/07/15","2022/02/17","상장예비심사 청구서 미제출로 관리종목 지정 후 1개월 이내 동사유 미해소","2022/02/08","2022/02/16","금융","100","3200000",,
"367","01800219","유니슨 13WR","KOSDAQ","신주인수권증권","보통주","2019/03/29","2022/02/16","신주인수권 행사기간 만료",,,,"0","331388","018000","유니슨"
"368","01193219","신성이엔지 37WR","KOSPI","신주인수권증권","보통주","2019/03/29","2022/02/08","신주인수권증권 행사기간 및 행사의 만료",,,,"0","1200862","011930","신성이엔지"
"369","323940","케이비제18호스팩","KOSDAQ","주권","보통주","2019/06/24","2022/02/04","상장예비심사 청구서 미제출로 관리종목 지정 후 1개월 이내 동사유 미해소","2022/01/21","2022/02/03","금융","100","7822000",,
"370","101060","SBS미디어홀딩스","KOSPI","주권","보통주","2008/03/24","2022/01/18","해산 사유 발생",,,"서비스업","500","139896190",,
"371","015350","부산가스","KOSPI","주권","보통주","1997/06/23","2022/01/18","지주회사(최대주주등)의 완전자회사화 등",,,"전기가스업","5000","11000000",,
"372","221610","자안바이오","KOSDAQ","주권","보통주","2016/01/27","2022/01/05","발행한 어음 또는 수표가 주거래은행에 의하여 최종부도로 결정되거나 거래은행에 의한 거래정지","2021/12/24","2022/01/04","화학","5000","6654797",,
"373","10961219","에스와이 8WR","KOSDAQ","신주인수권증권","보통주","2019/02/19","2022/01/03","신주인수권행사기간 만료",,,,"0","1101784","109610","에스와이"
"374","172580","하이골드12호","KOSPI","선박투자회사","보통주","2013/07/12","2022/01/03","신청에 의한 상장폐지",,,"서비스업","5000","13044500",,
"375","036490","SK머티리얼즈","KOSDAQ","주권","보통주","1999/12/14","2021/12/27","피흡수합병",,,"반도체","500","10547673",,
"376","045890","GV","KOSDAQ","주권","보통주","2005/11/28","2021/12/20","해산사유 발생(파산선고)","2021/12/09","2021/12/17","일반전기전자","500","86766187",,
"377","158300","에스에이티이엔지","KONEX","주권","보통주","2013/07/01","2021/12/09","피흡수합병",,,"-","500","3306335",,
"378","313750","유안타제4호스팩","KOSDAQ","주권","보통주","2019/03/21","2021/12/07","상장예비심사 청구서 미제출로 관리종목 지정 후 1개월 이내 동사유 미해소","2021/11/26","2021/12/06","금융","100","4650000",,
"379","317320","한화에스비아이스팩","KOSDAQ","주권","보통주","2019/05/03","2021/12/07","상장예비심사 청구서 미제출로 관리종목 지정 후 1개월 이내 동 사유 미해소","2021/11/26","2021/12/06","금융","100","4360000",,
"380","086080","다이노나","KONEX","주권","보통주","2018/05/08","2021/11/22","피흡수합병",,,"-","500","32931086",,
"381","031390","녹십자셀","KOSDAQ","주권","보통주","1998/09/25","2021/11/17","피흡수합병",,,"제약","500","13035197",,
"382","02758217","상보 2WR","KOSDAQ","신주인수권증권","보통주","2017/12/22","2021/11/08","신주인수권 행사기간 만료",,,,"0","2099088","027580","상보"
"383","144620","코오롱머티리얼","KOSPI","주권","보통주","2012/04/05","2021/11/05","지주회사(최대주주등)의 완전자회사화 등",,,"화학","1000","68658635",,
"384","317030","케이비17호스팩","KOSDAQ","주권","보통주","2019/03/27","2021/11/04","상장예비심사 청구서 미제출로 관리종목 지정 후 1개월 이내 동사유 미해소","2021/10/26","2021/11/03","금융","100","5461000",,
"385","09664218","멜파스 4WR","KOSDAQ","신주인수권증권","보통주","2019/01/03","2021/10/26","기초주권의 관리종목 지정","2021/10/15","2021/10/25",,"0","326921","096640","멜파스"
"386","087730","이엠네트웍스","KOSDAQ","주권","보통주","2008/04/04","2021/10/08","기업의 계속성 및 경영의 투명성 등을 종합적으로 고려하여 상장폐지기준에 해당한다고 결정","2021/09/28","2021/10/07","반도체","500","3256190",,
"387","033110","코너스톤네트웍스","KOSDAQ","주권","보통주","1997/08/18","2021/10/08","감사의견 거절(감사범위 제한 및 계속기업 존속능력에 대한 불확실성)","2021/09/28","2021/10/07","유통","500","129772391",,
"388","039230","에이아이비트","KOSDAQ","주권","보통주","2000/06/22","2021/10/06","감사의견 거절(감사범위 제한)","2021/09/24","2021/10/05","반도체","500","36787524",,
"389","213090","미래테크놀로지","KOSDAQ","주권","보통주","2015/12/01","2021/10/05","피흡수합병",,,"소프트웨어","500","6120788",,
"390","111820","지유온","KOSDAQ","주권","보통주","2010/06/18","2021/09/30","기업의 계속성 및 경영의 투명성 등을 종합적으로 고려하여 상장폐지기준에 해당한다고 결정","2021/09/16","2021/09/29","인터넷","500","29500978",,
"391","74701772","이지스코어부동산제117호A","KOSPI","수익증권","보통주","2017/04/14","2021/09/29","수익증권 신탁기간의 만료 또는 전액 중도 환수",,,,"1000","32379784","139150","이지스자산운용"
"392","74702772","이지스코어부동산제117호F","KOSPI","수익증권","보통주","2017/04/14","2021/09/29","수익증권 신탁기간의 만료 또는 전액 중도 환수",,,,"1000","550216","139150","이지스자산운용"
"393","310840","엔에이치스팩13호","KOSDAQ","주권","보통주","2018/12/24","2021/09/23","상장예비심사청구서 미제출","2021/09/09","2021/09/17","금융","100","3420000",,
"394","141070","맥스로텍","KOSDAQ","주권","보통주","2012/11/16","2021/09/16","발행한 어음 또는 수표가 주거래은행에 의하여 최종부도로 결정되거나 거래은행에 의한 거래정지","2021/09/07","2021/09/15","기계·장비","500","35895350",,
"395","74401722","맵스프런티어브라질1","KOSPI","수익증권","보통주","2012/05/11","2021/09/15","수익증권 신탁기간의 만료 또는 전액 중도 환수",,,,"1000","80000000","036320","미래에셋자산운용"
"396","080440","에스제이케이","KOSDAQ","주권","보통주","2005/05/13","2021/09/13","해산사유 발생(파산선고)","2021/09/02","2021/09/10","유통","500","13325960",,
"397","033430","디에스티","KOSDAQ","주권","보통주","1998/05/25","2021/09/02","감사의견 한정(감사범위 제한)","2021/08/24","2021/09/01","기계·장비","100","73956044",,
"398","354230","폭스소프트","KONEX","주권","보통주","2020/06/25","2021/09/01","지정자문인 선임계약 해지 후 30일 이내 미체결(2021.8.18 限)","2021/08/23","2021/08/31","-","500","600000",,
"399","086250","이노와이즈","KOSDAQ","주권","보통주","2006/11/10","2021/08/31","감사의견 거절(감사범위 제한)","2021/08/20","2021/08/30","기계·장비","500","30810174",,
"400","74702B98","이지스코어리테일302호A","KOSPI","수익증권","보통주","2019/11/20","2021/08/30","수익증권 신탁기간의 만료 또는 전액 중도 환수",,,,"1000","51496276","139150","이지스자산운용"
"401","74701B98","이지스코어리테일302호C-I","KOSPI","수익증권","보통주","2019/11/20","2021/08/30","수익증권 신탁기간의 만료 또는 전액 중도 환수",,,,"1000","65800000","139150","이지스자산운용"
"402","033660","우리금융캐피탈","KOSPI","주권","보통주","2009/06/25","2021/08/27","지주회사(최대주주등)의 완전자회사화 등",,,"기타금융","5000","57545890",,
"403","038160","팍스넷","KOSDAQ","주권","보통주","2016/08/01","2021/08/23","감사의견 거절(감사범위 제한 및 계속기업 존속능력에 대한 불확실성)","2021/08/11","2021/08/20","금융","500","12240376",,
"404","033600","럭슬","KOSDAQ","주권","보통주","2000/11/21","2021/08/11","감사의견 거절(감사범위 제한)","2021/08/02","2021/08/10","운송장비·부품","500","52828103",,
"405","065620","제낙스","KOSDAQ","주권","보통주","2002/06/27","2021/08/09","감사의견 거절(감사범위 제한 및 계속기업 존속능력에 대한 불확실성)","2021/07/29","2021/08/06","금속","500","4951894",,
"406","311270","키움제5호스팩","KOSDAQ","주권","보통주","2018/12/26","2021/08/02","상장예비심사 청구서 미제출로 관리종목 지정 후 1개월 이내 동사유 미해소","2021/07/22","2021/07/30","금융","100","3600000",,
"407","284420","휴럼","KONEX","주권","보통주","2017/12/12","2021/07/27","피흡수합병",,,"-","500","3800450",,
"408","74201767","하나대체티마크그랜드부동산1호 A","KOSPI","수익증권","보통주","2016/08/31","2021/07/26","수익증권 신탁기간의 만료 또는 전액 중도 환수",,,,"1000","60555978","138960","하나대체투자자산운용"
"409","74202767","하나대체티마크그랜드부동산1호 F","KOSPI","수익증권","보통주","2016/08/31","2021/07/26","수익증권 신탁기간의 만료 또는 전액 중도 환수",,,,"1000","8444022","138960","하나대체투자자산운용"
"410","043290","케이맥","KOSDAQ","주권","보통주","2011/10/25","2021/07/20","피흡수합병",,,"기계·장비","100","38503571",,
"411","028150","GS홈쇼핑","KOSDAQ","주권","보통주","2000/01/20","2021/07/16","피흡수합병",,,"방송서비스","5000","6562500",,
"412","307070","SK4호스팩","KOSDAQ","주권","보통주","2018/12/07","2021/07/13","상장예비심사 청구서 미제출로 관리종목 지정 후 1개월 이내 동사유 미해소","2021/07/02","2021/07/12","금융","100","5160000",,
"413","05011217","캠시스 7WR","KOSDAQ","신주인수권증권","보통주","2017/08/30","2021/07/13","신주인수권 행사기간 만료",,,,"0","1146509","050110","캠시스"
"414","307160","하나머스트제6호스팩","KOSDAQ","주권","보통주","2018/11/30","2021/07/08","상장예비심사 청구서 미제출로 관리종목 지정 후 1개월 이내 동사유 미해소","2021/06/29","2021/07/07","금융","100","4590000",,
"415","71301A1B","멀티에셋월지급식안심튼튼제2호","KOSPI","수익증권","보통주","2012/02/24","2021/06/16","수익증권 신탁기간의 만료 또는 전액 중도 환수",,,,"1000","10497046","030880","멀티에셋자산운용"
"416","900080","에스앤씨엔진그룹","KOSDAQ","외국주권","보통주","2009/12/04","2021/06/14","법정제출기한까지 사업보고서를 제출하지 아니한 후, 법정제출기한의 다음날부터 10일이내에 사업보고서를 제출하지 아니함 ","2021/06/03","2021/06/11","금융","무액면","123759593",,
"417","226350","아이엠텍","KOSDAQ","주권","보통주","2016/02/03","2021/06/11","감사의견 거절(감사범위 제한)","2021/06/02","2021/06/10","통신장비","500","4831715",,
"418","195440","퓨전","KOSDAQ","주권","보통주","2016/12/21","2021/06/10","감사의견 거절(감사범위 제한 및 계속기업 존속능력에 대한 불확실성)","2021/06/01","2021/06/09","소프트웨어","500","4135992",,
"419","008800","행남사","KOSDAQ","주권","보통주","1993/09/03","2021/06/07","기업의 계속성 및 경영의 투명성 등을 종합적으로 고려하여 상장폐지기준에 해당한다고 결정","2021/05/27","2021/06/04","음식료·담배","500","45628344",,
"420","073070","에이팸","KOSDAQ","주권","보통주","2004/01/28","2021/06/04","기업의 계속성 및 경영의 투명성 등을 종합적으로 고려하여 상장폐지기준에 해당","2021/05/26","2021/06/03","운송장비·부품","500","28711325",,
"421","06451219","에코마이스터 3WR","KOSDAQ","신주인수권증권","보통주","2019/10/23","2021/05/31","기초주권의 관리종목 지정 및 상장폐지 사유 발생","2021/05/20","2021/05/28",,"0","1086078",,
"422","224880","SGA클라우드서비스","KONEX","주권","보통주","2017/05/23","2021/05/06","분산요건 미달","2021/04/26","2021/05/04","-","500","5418165",,
"423","120780","전우정밀","KONEX","주권","보통주","2016/12/23","2021/05/06","분산요건 미달","2021/04/26","2021/05/04","-","500","3100000",,
"424","00263217","오리엔트바이오 12WR","KOSPI","신주인수권증권","보통주","2017/06/13","2021/04/26","신주인수권증권 행사기간 및 행사의 만료",,,,"0","21728131","002630","오리엔트바이오"
"425","03662216","감성코퍼레이션 2WR","KOSDAQ","신주인수권증권","보통주","2016/06/03","2021/04/20","신주인수권 행사기간 만료",,,,"0","210382","036620","감성코퍼레이션"
"426","102210","에이치디","KOSDAQ","주권","보통주","2009/05/21","2021/04/19","기업의 계속성 및 경영의 투명성 등을 종합적으로 고려하여 상장폐지기준에 해당한다고 결정","2021/04/08","2021/04/16","운송장비·부품","100","73696405",,
"427","023890","한국아트라스비엑스","KOSDAQ","주권","보통주","1994/11/23","2021/04/19","피흡수합병",,,"IT부품","1000","9150000",,
"428","005190","동성화학","KOSPI","주권","보통주","1988/07/01","2021/04/16","해산 사유 발생",,,"화학","1000","5335564",,
"429","329050","구스앤홈","KONEX","주권","보통주","2019/07/12","2021/04/13","사업보고서 법정제출기한('21.3.31限)내 미제출","2021/04/02","2021/04/12","-","500","1230200",,
"430","028040","미래SCI","KOSDAQ","주권","보통주","1996/07/27","2021/04/13","최근 2년간 3회 이상 공시규정 제19조제1항의 규정에 의한 사업보고서, 반기보고서 또는 분기보고서 법정제출기한 내 미제출","2021/04/02","2021/04/12","유통","500","44979502",,
"431","13176218","파인텍 10WR","KOSDAQ","신주인수권증권","보통주","2018/05/29","2021/04/13","신주인수권 행사기간 만료",,,,"0","4480563","131760","파인텍"
"432","74701B8B","이지스239호 Class A","KOSPI","수익증권","보통주","2019/02/15","2021/04/12","수익증권 신탁기간의 만료 또는 전액 중도 환수",,,,"1000","48982545","139150","이지스자산운용"
"433","74701B96","이지스280호","KOSPI","수익증권","보통주","2019/08/28","2021/04/12","수익증권 신탁기간의 만료 또는 전액 중도 환수",,,,"1000","21999937","139150","이지스자산운용"
"434","12687219","뉴로스 11WR","KOSDAQ","신주인수권증권","보통주","2019/12/23","2021/04/05","기초주권의 관리종목 지정","2021/03/25","2021/04/02",,"0","4428020",,
"435","14107217","맥스로텍 2WR","KOSDAQ","신주인수권증권","보통주","2017/05/08","2021/04/05","기초주권의 관리종목 지정","2021/03/25","2021/04/02",,"0","3291600",,
"436","036260","이매진아시아","KOSDAQ","주권","보통주","1999/12/10","2021/02/15","기업의 계속성 및 경영의 투명성 등을 종합적으로 고려하여 상장폐지기준에 해당","2021/02/02","2021/02/10","오락·문화","500","43778171",,
"437","72504A3B","신한BNPP서울시지하철9호선4호","KOSPI","수익증권","보통주","2014/02/21","2021/02/09","수익증권 신탁기간의 만료 또는 전액 중도 환수",,,,"1000","25000000","047190","신한자산운용"
"438","278380","원바이오젠","KONEX","주권","보통주","2019/06/03","2021/02/09","피흡수합병",,,"-","500","2394060",,
"439","75602782","유경공모부동산2호ClassA","KOSPI","수익증권","보통주","2018/04/10","2021/02/04","수익증권 신탁기간의 만료 또는 전액 중도 환수",,,,"1000","98710113",,"유경피에스지자산운용"
"440","75601782","유경공모부동산2호ClassF","KOSPI","수익증권","보통주","2018/04/10","2021/02/04","수익증권 신탁기간의 만료 또는 전액 중도 환수",,,,"1000","18789887",,"유경피에스지자산운용"
"441","241510","이에스산업","KONEX","주권","보통주","2016/04/26","2021/01/26","지정자문인 선임계약 해지 후 30일 이내 미체결(2021.1.13 限)","2021/01/15","2021/01/25","-","500","5983000",,
"442","291210","한국제7호스팩","KOSDAQ","주권","보통주","2018/05/11","2021/01/15","상장예비심사 청구서 미제출로 관리종목 지정 후 1개월 이내 동사유 미해소","2021/01/06","2021/01/14","금융","100","5060000",,
"443","00263218","오리엔트바이오 14WR","KOSPI","신주인수권증권","보통주","2018/03/05","2021/01/14","신주인수권증권 행사기간 및 행사의 만료",,,,"0","16477251","002630","오리엔트바이오"
"444","284610","TS트릴리온","KONEX","주권","보통주","2017/12/22","2020/12/30","피흡수합병",,,"-","100","37657000",,
"445","251960","엠에프엠코리아","KONEX","주권","보통주","2016/09/08","2020/12/30","피흡수합병",,,"-","500","10719488",,
"446","057500","SKC 솔믹스","KOSDAQ","주권","보통주","2001/12/26","2020/12/23","타법인의 완전자회사로 편입",,,"반도체","500","61494040",,
"447","12304216","엠에스오토텍 7WR","KOSDAQ","신주인수권증권","보통주","2016/02/05","2020/12/22","신주인수권 행사기간 만료",,,,"0","65415","123040","엠에스오토텍"
"448","00102216","페이퍼코리아 3WR","KOSPI","신주인수권증권","보통주","2016/02/05","2020/12/22","신주인수권증권 행사기간 및 행사의 만료",,,,"0","38470217","001020","페이퍼코리아"
"449","152330","코리아오토글라스","KOSPI","주권","보통주","2015/12/29","2020/12/18","해산 사유 발생",,,"비금속광물","5000","20000000",,
"450","003415","쌍용양회우","KOSPI","주권","구형우선주","1992/04/23","2020/12/03","신청에 의한 상장폐지",,,"비금속광물","1000","1543685","003410","쌍용씨앤이"
"451","7010177A","도쿄오피스1","KOSPI","수익증권","보통주","2017/10/24","2020/11/13","수익증권 신탁기간의 만료 또는 전액 중도 환수",,,,"1000","66001012","047240","한국투자신탁운용"
"452","271780","비엔에프코퍼레이션","KONEX","주권","보통주","2018/11/30","2020/11/05","상장폐지 신청('20.10.13)",,,"-","100","3230000",,
"453","74701786","이지스196호 Class A","KOSPI","수익증권","보통주","2018/08/14","2020/11/02","수익증권 신탁기간의 만료 또는 전액 중도 환수",,,,"1000","64511693","139150","이지스자산운용"
"454","74701784","이지스187호","KOSPI","수익증권","보통주","2018/06/28","2020/10/06","수익증권 신탁기간의 만료 또는 전액 중도 환수",,,,"1000","33630530","139150","이지스자산운용"
"455","04320215","파루 6WR","KOSDAQ","신주인수권증권","보통주","2015/11/02","2020/09/24","신주인수권 행사기간 만료",,,,"0","1998115","043200","파루"
"456","194510","파티게임즈","KOSDAQ","주권","보통주","2014/11/21","2020/09/09","감사의견거절(감사범위 제한)","2020/09/07","2020/09/08","디지털컨텐츠","500","24488350",,
"457","277480","신한제4호스팩","KOSDAQ","주권","보통주","2017/10/20","2020/08/20","상장예비심사 청구서 미제출로 관리종목 지정 후 1개월 이내 동 사유 미해소","2020/08/10","2020/08/19","금융","100","6010000",,
"458","204990","코썬바이오","KOSDAQ","주권","보통주","2016/12/09","2020/08/11","기업의 계속성 및 경영의 투명성 등을 종합적으로 고려하여 상장폐지기준에 해당한다고 결정","2020/07/31","2020/08/10","음식료·담배","500","31942923",,
"459","228180","티씨엠생명과학","KONEX","주권","보통주","2015/10/22","2020/08/07","포괄적 주식교환에 따른 상장폐지 신청('20.7.17)",,,"-","500","3266470",,
"460","70901789","대신하임1817호","KOSPI","수익증권","보통주","2018/10/26","2020/08/05","수익증권 신탁기간의 만료 또는 전액 중도 환수",,,,"1000","34400000","030660","대신자산운용"
"461","065940","바이오빌","KOSDAQ","주권","보통주","2003/01/07","2020/07/31","감사의견 거절(감사범위 제한 및 계속기업 존속능력에 대한 불확실성)","2020/07/22","2020/07/30","화학","500","43987186",,
"462","281410","한국제6호스팩","KOSDAQ","주권","보통주","2017/12/21","2020/07/27","상장예비심사 청구서 미제출로 관리종목 지정 후 1개월 이내 동 사유 미해소","2020/07/16","2020/07/24","금융","100","4510000",,
"463","004200","고려개발","KOSPI","주권","보통주","1978/10/30","2020/07/21","해산 사유 발생",,,"건설업","5000","15219444",,
"464","108790","인터파크","KOSDAQ","주권","보통주","2014/02/06","2020/07/16","피흡수합병",,,"유통","500","33155480",,
"465","002300","한국제지","KOSPI","주권","보통주","1971/06/23","2020/07/13","해산 사유 발생",,,"종이목재","5000","5004949",,
"466","149940","모다","KOSDAQ","주권","보통주","2012/09/25","2020/07/10","감사의견거절(감사범위 제한)","2020/07/08","2020/07/09","통신장비","500","21160409",,
"467","279410","한화에이스스팩4호","KOSDAQ","주권","보통주","2017/11/27","2020/07/03","상장예비심사 청구서 미제출로 관리종목 지정 후 1개월 이내 동 사유 미해소","2020/06/24","2020/07/02","금융","100","3495000",,
"468","134780","화진","KOSDAQ","주권","보통주","2011/08/10","2020/07/02","감사의견거절(감사범위제한)","2020/06/23","2020/07/01","운송장비·부품","500","12288743",,
"469","099340","하나니켈1호","KOSPI","투자회사","보통주","2008/02/01","2020/07/01","존속기간 만료",,,"기타금융","무액면","22756200",,
"470","099350","하나니켈2호","KOSPI","투자회사","보통주","2008/02/01","2020/07/01","존속기간 만료",,,"기타금융","무액면","3284000",,
"471","005450","신한","KOSPI","주권","보통주","1978/07/28","2020/06/30","감사의견 의견거절 2년 계속","2020/06/19","2020/06/29","건설업","5000","7022839",,
"472","112240","에스에프씨","KOSDAQ","주권","보통주","2011/11/30","2020/06/30","감사의견 거절(감사범위 제한)","2020/06/19","2020/06/29","화학","500","43981834",,
"473","083370","동북아12호","KOSPI","선박투자회사","보통주","2005/08/29","2020/06/23","존속기간 만료",,,"서비스업","5000","1585660",,
"474","276920","IBKS제7호스팩","KOSDAQ","주권","보통주","2017/11/10","2020/06/18","상장예비심사 청구서 미제출로 관리종목 지정 후 1개월 이내 동 사유 미해소","2020/06/09","2020/06/17","금융","100","3650000",,
"475","183350","LPK로보틱스","KONEX","주권","보통주","2013/10/11","2020/06/17","외부감사인의 감사의견 거절(감사범위 제한), 감사의견 한정(감사범위 제한)","2020/06/08","2020/06/16","-","500","4698324",,
"476","220250","카이노스메드","KONEX","주권","보통주","2015/09/10","2020/06/08","피흡수합병",,,"-","500","14066238",,
"477","72501B95","GIB더드림프리미어혼합자산1호(종A1)","KOSPI","수익증권","보통주","2019/08/14","2020/06/01","수익증권 신탁기간의 만료 또는 전액 중도 환수",,,,"1000","66619832","047190","신한자산운용"
"478","72502B95","GIB더드림프리미어혼합자산1호(종C-r)","KOSPI","수익증권","보통주","2019/08/14","2020/06/01","수익증권 신탁기간의 만료 또는 전액 중도 환수",,,,"1000","42512995","047190","신한자산운용"
"479","72503B95","GIB더드림프리미어혼합자산1호(종C-s)","KOSPI","수익증권","보통주","2019/08/14","2020/06/01","수익증권 신탁기간의 만료 또는 전액 중도 환수",,,,"1000","200000","047190","신한자산운용"
"480","103130","웅진에너지","KOSPI","주권","보통주","2010/06/30","2020/06/01","감사의견 의견거절 2년 계속","2020/05/21","2020/05/29","전기전자","5000","30947322",,
"481","75601776","유경공모부동산1호ClassA","KOSPI","수익증권","보통주","2017/09/22","2020/05/22","수익증권 신탁기간의 만료 또는 전액 중도 환수",,,,"1000","44900000",,"유경피에스지자산운용"
"482","75602776","유경공모부동산1호ClassF","KOSPI","수익증권","보통주","2017/09/22","2020/05/22","수익증권 신탁기간의 만료 또는 전액 중도 환수",,,,"1000","35100000",,"유경피에스지자산운용"
"483","094190","이엘케이","KOSDAQ","주권","보통주","2007/10/29","2020/05/22","감사의견 거절(감사범위 제한 및 계속기업 존속능력에 대한 불확실성)","2020/05/13","2020/05/21","IT부품","500","72327965",,
"484","900040","차이나그레이트","KOSDAQ","외국주권","보통주","2009/05/29","2020/05/22","법정제출기한까지 사업보고서를 제출하지 아니한 후, 법정제출기한의 다음날부터 10일이내에 사업보고서를 제출하지 아니함 ","2020/05/13","2020/05/21","금융","0.1","125866557",,
"485","030270","에스마크","KOSDAQ","주권","보통주","1997/01/17","2020/05/21","감사의견거절(감사범위제한 및 계속기업 존속 불확실)","2020/05/12","2020/05/20","섬유·의류","500","7562701",,
"486","054340","피앤텔","KOSDAQ","주권","보통주","2002/01/10","2020/05/21","감사의견 거절(감사범위 제한 및 계속기업 존속능력에 대한 불확실성)","2020/05/12","2020/05/20","IT부품","500","4031039",,
"487","197210","리드","KOSDAQ","주권","보통주","2015/11/20","2020/05/14","기업의 계속성 및 경영의 투명성 등을 종합적으로 고려하여 상장폐지기준에 해당한다고 결정","2020/05/04","2020/05/13","반도체","500","25060166",,
"488","205290","케미메디","KONEX","주권","보통주","2017/01/13","2020/05/13","외부감사인의 감사의견 의견거절(감사범위 제한)","2020/04/29","2020/05/12","-","500","8159148",,
"489","189540","씨티네트웍스","KONEX","주권","보통주","2013/12/24","2020/05/12","감사의견 거절(계속기업 존속능력에 대한 불확실성)","2020/04/28","2020/05/11","-","500","2415990",,
"490","083380","동북아13호","KOSPI","선박투자회사","보통주","2005/08/29","2020/05/04","존속기간 만료",,,"서비스업","5000","1585660",,
"491","159650","하이골드8호","KOSPI","선박투자회사","보통주","2012/09/17","2020/04/27","감사의견 부적정","2020/04/16","2020/04/24","서비스업","5000","14905929",,
"492","027390","한화갤러리아타임월드","KOSPI","주권","보통주","1996/01/30","2020/04/16","지주회사(최대주주등)의 완전자회사화 등",,,"유통업","5000","6000131",,
"493","02739218","한화갤러리아타임월드 23WR","KOSPI","신주인수권증권","보통주","2018/07/10","2020/04/16","주권의 상장폐지 또는 관리종목지정기준에 해당(신주인수권증권)",,,,"0","1153947",,
"494","220110","드림티엔터테인먼트","KONEX","주권","보통주","2015/06/24","2020/04/10","사업보고서 법정제출기한('20.3.30限)내 미제출","2020/04/01","2020/04/09","-","200","10664262",,
"495","123260","파인넥스","KOSDAQ","주권","보통주","2011/12/05","2020/04/10","제28조제1항제9호에 따라 관리종목 지정 후 공시규정 제19조제1항에 따른 사업보고서 법정제출기한 내 미제출, 최근 2년간 3회 이상 공시규정 제19조제1항의 규정에 의한 사업보고서, 반기보고서 또는 분기보고서 법정제출기한 내 미제출","2020/04/01","2020/04/09","반도체","500","24015495",,
"496","001799","대한제당3우B","KOSPI","주권","신형우선주","2010/04/09","2020/04/08","존속기간 만료",,,"음식료품","2500","129656","001790","대한제당"
"497","7470177C","이지스161호","KOSPI","수익증권","보통주","2018/03/02","2020/03/26","수익증권 신탁기간의 만료 또는 전액 중도 환수",,,,"1000","30044685","139150","이지스자산운용"
"498","011160","두산건설","KOSPI","주권","보통주","1996/01/30","2020/03/24","지주회사(최대주주등)의 완전자회사화 등",,,"건설업","500","329897110",,
"499","01116218","두산건설 4WR","KOSPI","신주인수권증권","보통주","2018/05/28","2020/03/24","주권의 상장폐지 또는 관리종목지정기준에 해당(신주인수권증권)",,,,"0","23281554",,
"500","271740","한국제5호스팩","KOSDAQ","주권","보통주","2017/07/24","2020/03/03","상장예비심사 청구서 미제출로 관리종목 지정 후 1개월 이내 동 사유 미해소","2020/02/21","2020/03/02","금융","100","4000000",,
"501","311840","대원모방","KONEX","주권","보통주","2018/12/27","2020/02/27","지정자문인 선임계약 해지 후 30일 이내 미체결(2020.2.13 限)","2020/02/18","2020/02/26","-","500","1593280",,
"502","252370","유쎌","KONEX","주권","보통주","2016/09/29","2020/02/27","지정자문인 선임계약 해지 후 30일 이내 미체결(2020.2.13 限)","2020/02/18","2020/02/26","-","500","1325000",,
"503","73801A72","칸서스노을연료전지","KOSPI","수익증권","보통주","2017/04/21","2020/02/25","수익증권 신탁기간의 만료 또는 전액 중도 환수",,,,"1000","11400000","082410","칸서스"
"504","01116217","두산건설 3WR","KOSPI","신주인수권증권","보통주","2017/04/07","2020/02/24","신주인수권증권 행사기간 및 행사의 만료",,,,"0","35628614",,
"505","079440","오렌지라이프","KOSPI","주권","보통주","2017/05/11","2020/02/14","지주회사(최대주주등)의 완전자회사화 등",,,"보험","1000","82000000",,
"506","122800","썬텍","KOSDAQ","주권","보통주","2010/11/26","2020/02/12","기업의 계속성 및 경영의 투명성 등을 종합적으로 고려하여 상장폐지기준에 해당한다고 결정","2020/02/03","2020/02/11","금속","100","35153085",,
"507","72503A3B","신한BNPP서울시지하철9호선3호","KOSPI","수익증권","보통주","2014/02/21","2020/02/11","수익증권 신탁기간의 만료 또는 전액 중도 환수",,,,"1000","25000000","047190","신한자산운용"
"508","74201B91","하나대체철원태양광특별자산1호","KOSPI","수익증권","보통주","2019/04/29","2020/01/30","수익증권 신탁기간의 만료 또는 전액 중도 환수",,,,"1000","5000000","138960","하나대체투자자산운용"
"509","077280","한컴지엠디","KOSDAQ","주권","보통주","2004/06/02","2020/01/16","피흡수합병",,,"소프트웨어","500","11766339",,
"510","265920","한화수성스팩","KOSDAQ","주권","보통주","2017/06/08","2020/01/15","상장예비심사 청구서 미제출로 관리종목 지정후 1개월 이내 동사유를 미해소","2020/01/06","2020/01/14","금융","100","4440000",,
"511","265480","미래에셋대우스팩1호","KOSDAQ","주권","보통주","2017/05/26","2020/01/03","상장예비심사 청구서 미제출로 관리종목 지정 후 1개월 이내 동 사유 미해소","2019/12/20","2020/01/02","금융","100","4840000",,
"512","74701779","이지스부동산투자신탁145호","KOSPI","수익증권","보통주","2017/12/14","2020/01/02","수익증권 신탁기간의 만료 또는 전액 중도 환수",,,,"1000","48004244","139150","이지스자산운용"
"513","210610","소프트캠프","KONEX","주권","보통주","2014/12/18","2019/12/30","피흡수합병",,,"-","500","4467252",,
"514","122050","아이엘사이언스","KONEX","주권","보통주","2018/11/16","2019/12/27","피흡수합병",,,"-","500","6784104",,
"515","00503217","부산주공 2WR","KOSPI","신주인수권증권","보통주","2017/02/14","2019/12/26","신주인수권증권 행사기간 및 행사의 만료",,,,"0","1557659","005030","부산주공"
"516","035480","제이테크놀로지","KOSDAQ","주권","보통주","1999/11/18","2019/12/12","기업의 계속성 및 경영의 투명성 등을 종합적으로 고려하여 상장폐지기준에 해당한다고 결정","2019/12/03","2019/12/11","오락·문화","500","9105814",,
"517","247300","인프라웨어테크놀러지","KONEX","주권","보통주","2016/07/08","2019/12/06","피흡수합병",,,"-","500","6118198",,
"518","264290","한화에이스스팩3호","KOSDAQ","주권","보통주","2017/05/02","2019/12/06","상장예비심사 청구서 미제출로 관리종목 지정 후 1개월 이내 동 사유 미해소","2019/11/27","2019/12/05","금융","100","3080000",,
"519","226610","한국비엔씨","KONEX","주권","보통주","2015/12/18","2019/12/03","피흡수합병",,,"-","500","6028801",,
"520","017680","데코앤이","KOSDAQ","주권","보통주","1993/09/03","2019/11/20","발행한 어음 또는 수표가 주거래은행에 의하여 최종부도로 결정되거나 거래은행에 의한 거래정지","2019/11/11","2019/11/19","섬유·의류","500","14585615",,
"521","09037215","메타랩스 5WR","KOSPI","신주인수권증권","보통주","2016/01/05","2019/11/18","신주인수권증권 행사기간 및 행사의 만료",,,,"0","2638197","090370","메타랩스"
"522","230400","자비스","KONEX","주권","보통주","2015/11/17","2019/11/15","피흡수합병",,,"-","500","3558916",,
"523","262830","대신밸런스제4호스팩","KOSDAQ","주권","보통주","2017/03/03","2019/10/10","상장예비심사 청구서 미제출로 관리종목 지정 후 1개월 이내 동 사유 미해소","2019/09/27","2019/10/08","금융","100","5010000",,
"524","135270","세종머티리얼즈","KONEX","주권","보통주","2014/12/17","2019/10/02","파산선고에 따른 해산사유 발생","2019/09/23","2019/10/01","-","500","7146051",,
"525","257730","신한제3호스팩","KOSDAQ","주권","보통주","2017/02/23","2019/10/01","상장예비심사 청구서 미제출로 관리종목 지정 후 1개월 이내 동 사유 미해소","2019/09/20","2019/09/30","금융","100","3505000",,
"526","271400","알로이스","KONEX","주권","보통주","2017/07/07","2019/10/01","피흡수합병",,,"-","500","2726400",,
"527","225650","쿠첸","KOSDAQ","주권","보통주","2015/09/04","2019/09/16","타법인의 완전자회사로 편입",,,"일반전기전자","500","10686277",,
"528","232330","SK3호스팩","KOSDAQ","주권","보통주","2016/11/16","2019/08/30","상장예비심사 청구서 미제출로 관리종목 지정 후 1개월 이내 동 사유 미해소","2019/08/21","2019/08/29","금융","100","3600000",,
"529","01120215","현대상선 1WR","KOSPI","신주인수권증권","보통주","2017/03/24","2019/08/12","신주인수권증권 행사기간 및 행사의 만료",,,,"0","10780904","011200","HMM"
"530","737027S7","PAM부동산3호","KOSPI","수익증권","보통주","2009/04/24","2019/07/26","수익증권 신탁기간의 만료 또는 전액 중도 환수",,,,"5000","27885679","082570","파인아시아자산운용"
"531","026180","현대정보기술","KOSDAQ","주권","보통주","2000/08/08","2019/07/17","피흡수합병",,,"컴퓨터서비스","1000","59537195",,
"532","221670","주노콜렉션","KONEX","주권","보통주","2017/06/27","2019/07/16"," 지정자문인 선임계약 해지 후 30일 이내 미체결(2019.7.2 限) ","2019/07/05","2019/07/15","-","500","3373320",,
"533","176560","포인트엔지니어링","KONEX","주권","보통주","2017/08/14","2019/07/16","피흡수합병",,,"-","500","6200000",,
"534","262760","엔케이맥스","KONEX","주권","보통주","2018/08/09","2019/07/04","피흡수합병",,,"-","500","16820000",,
"535","079660","사조해표","KOSPI","주권","보통주","2004/09/21","2019/06/26","해산 사유 발생",,,"음식료품","5000","7160000",,
"536","229480","줌인터넷","KONEX","주권","보통주","2016/06/10","2019/06/10","피흡수합병",,,"-","500","10808738",,
"537","01116216","두산건설 2WR","KOSPI","신주인수권증권","보통주","2016/07/08","2019/05/27","신주인수권증권 행사기간 및 행사의 만료",,,,"0","28162494",,
"538","242850","영현무역","KONEX","주권","보통주","2016/05/20","2019/05/22","지정자문인 선임계약 해지 후 30일 이내 미체결(2019.5.8 限)","2019/05/13","2019/05/21","-","500","1620000",,
"539","002250","알보젠코리아","KOSPI","주권","보통주","1973/11/10","2019/05/20","지주회사(최대주주등)의 완전자회사화 등",,,"의약품","5000","11857922",,
"540","004987","성신양회2우B","KOSPI","주권","신형우선주","1999/03/15","2019/05/10","존속기간 만료",,,"비금속광물","5000","220693","004980","성신양회"
"541","004989","성신양회3우B","KOSPI","주권","신형우선주","2001/02/01","2019/05/10","존속기간 만료",,,"비금속광물","5000","286898","004980","성신양회"
"542","140890","트러스제7호","KOSPI","부동산투자회사","보통주","2011/09/30","2019/05/07","해산 사유 발생",,,"서비스업","5000","9686000",,
"543","065160","에프티이앤이","KOSDAQ","주권","보통주","2002/07/30","2019/05/03","감사의견 거절(감사범위 제한)","2019/04/30","2019/05/02","화학","500","67990951",,
"544","250300","제이에스피브이","KONEX","주권","보통주","2016/08/10","2019/03/04","지정자문인 선임계약 해지 후 30일이내 미체결(2019.2.1 限)","2019/02/11","2019/02/28","-","100","23672671",,
"545","245030","스페이스솔루션","KONEX","주권","보통주","2016/06/03","2019/02/27","상장폐지 신청('19.1.25)","2019/02/18","2019/02/26","-","500","1120000",,
"546","123100","원익테라세미콘","KOSDAQ","주권","보통주","2011/11/01","2019/02/20","피흡수합병",,,"반도체","500","11303840",,
"547","000030","우리은행","KOSPI","주권","보통주","2014/11/19","2019/02/13","지주회사(최대주주등)의 완전자회사화 등",,,"은행","5000","676000000",,
"548","10608216","지투하이소닉 7WR","KOSDAQ","신주인수권증권","보통주","2016/06/02","2019/02/13","기초주권의 관리종목 지정","2019/01/30","2019/02/12",,"0","1563015","106080","하이소닉"
"549","72502A3B","신한BNPP서울시지하철9호선2호","KOSPI","수익증권","보통주","2014/02/21","2019/02/11","수익증권 신탁기간의 만료 또는 전액 중도 환수",,,,"1000","25000000","047190","신한자산운용"
"550","74901A75","현대인베스트ILS투자신탁1호","KOSPI","수익증권","보통주","2017/07/26","2019/02/01","수익증권 신탁기간의 만료 또는 전액 중도 환수",,,,"1000","4958459",,"현대인베스트먼트자산"
"551","240540","한국4호스팩","KOSDAQ","주권","보통주","2016/06/22","2019/01/29","상장예비심사 청구서 미제출로 관리종목 지정 후 1개월 이내 동 사유 미해소","2019/01/18","2019/01/28","금융","100","5500000",,
"552","900090","차이나하오란","KOSDAQ","외국주권","보통주","2010/02/05","2019/01/02","제28조제1항제9호에 따라 관리종목 지정 후 공시규정 제19조 제1항에 따른 분기보고서 법정기한 내 미제출","2018/12/19","2018/12/28","금융","무액면","94000000",,
"553","11481216","아이원스 5WR","KOSDAQ","신주인수권증권","보통주","2016/02/05","2018/12/24","신주인수권 행사기간 만료",,,,"0","534166","114810","한솔아이원스"
"554","004130","대덕GDS","KOSPI","주권","보통주","1987/08/10","2018/12/19","해산 사유 발생",,,"전기전자","500","20575613",,
"555","004135","대덕GDS우","KOSPI","주권","구형우선주","1988/10/21","2018/12/19","해산 사유 발생",,,"전기전자","500","2160000",,
"556","002000","한국유리","KOSPI","주권","보통주","1969/06/27","2018/12/13","신청에 의한 상장폐지","2018/12/04","2018/12/12","비금속광물","5000","10079660",,
"557","002005","한국유리우","KOSPI","주권","구형우선주","1989/12/20","2018/12/13","신청에 의한 상장폐지","2018/12/04","2018/12/12","비금속광물","5000","454767",,
"558","167380","나무기술","KONEX","주권","보통주","2016/11/28","2018/12/11","피흡수합병",,,"-","500","2312300",,
"559","272420","극동자동화","KONEX","주권","보통주","2017/06/28","2018/11/15","상장폐지 신청('18.11.5)",,,"-","500","500000",,
"560","242420","본느","KONEX","주권","보통주","2016/05/16","2018/10/29","피흡수합병",,,"-","500","3242700",,
"561","192530","광주은행","KOSPI","주권","보통주","2014/05/22","2018/10/26","지주회사(최대주주등)의 완전자회사화 등",,,"은행","5000","51316057",,
"562","194610","우성아이비","KOSDAQ","주권","보통주","2014/06/10","2018/10/12","감사의견거절(감사범위 제한 및 계속기업 존속능력에 대한 불확실성)","2018/09/28","2018/10/11","기타제조","100","21570000",,
"563","155960","지디","KOSDAQ","주권","보통주","2013/02/13","2018/10/12","감사의견 거절(감사범위 제한)","2018/09/28","2018/10/11","IT부품","500","18709617",,
"564","232270","케이비제9호스팩","KOSDAQ","주권","보통주","2016/02/29","2018/10/12","상장예비심사 청구서 미제출로 관리종목 지정 후 1개월 이내 동 사유 미해소","2018/10/01","2018/10/11","금융","100","13815700",,
"565","235010","하이에이아이1호스팩","KOSDAQ","주권","보통주","2016/03/04","2018/10/12","상장예비심사 청구서 미제출로 관리종목 지정 후 1개월 이내 동 사유 미해소","2018/10/01","2018/10/11","금융","100","4950000",,
"566","032040","C&S자산관리","KOSDAQ","주권","보통주","1997/01/23","2018/10/11","감사의견거절(범위제한 및 계속기업 존속능력에 대한 불확실성)","2018/09/28","2018/10/10","기타서비스","2500","10913968",,
"567","081970","넥스지","KOSDAQ","주권","보통주","2007/08/20","2018/10/11","감사의견거절(감사범위제한)","2018/09/28","2018/10/10","소프트웨어","500","8070924",,
"568","047440","레이젠","KOSDAQ","주권","보통주","2001/11/20","2018/10/11","감사의견거절(감사범위 제한 및 계속기업 존속능력에 대한 불확실성)","2018/09/28","2018/10/10","IT부품","500","29146629",,
"569","110660","세신버팔로","KONEX","주권","보통주","2014/12/08","2018/10/11","지정자문인 선임계약 해지 후 30일이내 미체결(2018.9.20限)","2018/09/28","2018/10/10","-","500","6000000",,
"570","026260","위너지스","KOSDAQ","주권","보통주","1996/09/24","2018/10/11","감사의견거절(감사범위 제한)","2018/09/28","2018/10/10","유통","500","6495008",,
"571","052290","트레이스","KOSDAQ","주권","보통주","2001/05/31","2018/10/11","감사의견거절(감사범위 제한)","2018/09/28","2018/10/10","IT부품","500","54822175",,
"572","005980","성지건설","KOSPI","주권","보통주","1995/03/17","2018/10/04","감사의견 의견거절","2018/09/19","2018/10/02","건설업","5000","14209379",,
"573","237720","케이엠제약","KONEX","주권","보통주","2016/02/24","2018/09/28","피흡수합병",,,"-","100","2243238",,
"574","016170","카카오M","KOSDAQ","주권","보통주","2001/01/11","2018/09/18","피흡수합병",,,"출판·매체복제","500","25291705",,
"575","062580","인산가","KONEX","주권","보통주","2015/12/21","2018/09/11","피흡수합병",,,"-","500","4400000",,
"576","251540","에스와이제이","KONEX","주권","보통주","2017/05/02","2018/09/07","감사의견 거절(감사범위 제한)","2018/08/29","2018/09/06","-","500","6566575",,
"577","12011213","코오롱인더 3WR","KOSPI","신주인수권증권","보통주","2013/10/23","2018/09/05","신주인수권증권 행사기간 및 행사의 만료",,,,"0","1041796","120110","코오롱인더"
"578","138290","지성이씨에스","KONEX","주권","보통주","2015/11/30","2018/08/22","상장폐지 신청('18.7.19)","2018/08/10","2018/08/21","-","1000","2352000",,
"579","043580","에임하이","KOSDAQ","주권","보통주","2001/08/02","2018/08/10","감사의견거절(감사범위 제한)","2018/08/01","2018/08/09","IT부품","500","65262623",,
"580","06679217","씨씨에스 1WR","KOSDAQ","신주인수권증권","보통주","2017/10/16","2018/08/09","기초주권의 관리종목 지정","2018/07/31","2018/08/08",,"0","8873986","066790","씨씨에스"
"581","144740","피엠디아카데미","KONEX","주권","보통주","2013/07/01","2018/08/07","지정자문인 선임계약 해지 후 30일이내 미체결(2018.07.24限)","2018/07/27","2018/08/06","-","500","1737554",,
"582","230490","동부제4호스팩","KOSDAQ","주권","보통주","2015/12/18","2018/07/26","상장예비심사 청구서 미제출로 관리종목 지정 후 1개월 이내 동 사유 미해소","2018/07/17","2018/07/25","금융","100","5300000",,
"583","130960","CJ E&M","KOSDAQ","주권","보통주","2010/10/15","2018/07/18","피흡수합병",,,"방송서비스","5000","38732089",,
"584","090730","SIMPAC Metal","KOSDAQ","주권","보통주","2008/10/17","2018/07/17","피흡수합병",,,"금속","500","13000000",,
"585","024660","하림홀딩스","KOSDAQ","주권","보통주","1997/08/06","2018/07/16","피흡수합병",,,"금융","500","89157190",,
"586","099660","신텍","KOSDAQ","주권","보통주","2009/04/30","2018/07/09","발행한 어음 또는 수표가 주거래은행에 의하여 최종부도로 결정되거나 거래은행에 의한 거래정지","2018/06/28","2018/07/06","금속","500","63987602",,
"587","71901A58","KB서울햇빛발전소특별자산","KOSPI","수익증권","보통주","2015/10/22","2018/07/03","수익증권 신탁기간의 만료 또는 전액 중도 환수",,,,"1000","8180797","047210","케이비자산운용"
"588","226850","키움스팩4호","KOSDAQ","주권","보통주","2015/10/29","2018/06/05","상장예비심사 청구서 미제출로 관리종목 지정 후 1개월 이내 동 사유 미해소","2018/05/25","2018/06/04","금융","100","10204000",,
"589","225440","이베스트스팩3호","KOSDAQ","주권","보통주","2015/10/19","2018/05/28","상장예비심사 청구서 미제출로 관리종목 지정 후 1개월 이내 동 사유 미해소","2018/05/16","2018/05/25","금융","100","4100000",,
"590","900180","완리","KOSDAQ","외국주권","보통주","2011/06/13","2018/05/23","감사의견거절(감사범위 제한)","2018/05/11","2018/05/21","금융","무액면","107630204",,
"591","246830","시냅스엠","KONEX","주권","보통주","2016/07/13","2018/05/14","감사의견 거절(계속기업 존속능력에 대한 불확실성)","2018/05/02","2018/05/11","-","500","1311610",,
"592","013367","일성건설2우B","KOSPI","주권","신형우선주","2007/06/29","2018/05/11","존속기간 만료",,,"건설업","500","621240","013360","일성건설"
"593","235090","태경피엔에스","KONEX","주권","보통주","2016/03/16","2018/05/09","감사의견 거절(감사범위 제한)","2018/04/26","2018/05/08","-","500","23205369",,
"594","087220","스틸플라워","KOSDAQ","주권","보통주","2009/10/27","2018/05/08","감사의견거절(감사범위 제한 및 계속기업 존속능력에 대한 불확실성)","2018/04/25","2018/05/04","금속","500","72172928",,
"595","099830","씨그널엔터테인먼트그룹","KOSDAQ","주권","보통주","2011/01/24","2018/05/04","감사의견거절(감사범위 제한)","2018/04/24","2018/05/03","오락·문화","500","11633845",,
"596","252940","에스엠로보틱스","KONEX","주권","보통주","2016/09/30","2018/04/25","감사의견 거절(감사범위 제한 및 계속기업 존속능력에 대한 불확실성)","2018/04/16","2018/04/24","-","500","2075000",,
"597","091270","유디피","KONEX","주권","보통주","2014/12/12","2018/04/18","지정자문인 선임계약 해지 후 30일이내 미체결(2018.04.04限)","2018/04/09","2018/04/17","-","500","7338254",,
"598","221200","유진스팩3호","KOSDAQ","주권","보통주","2015/09/09","2018/04/17","상장예비심사 청구서 미제출로 관리종목 지정 후 1개월 이내 동 사유 미해소","2018/04/06","2018/04/16","금융","100","6750000",,
"599","06516216","에프티이앤이 8WR","KOSDAQ","신주인수권증권","보통주","2016/06/28","2018/04/04","기초주권의 관리종목 지정","2018/03/26","2018/04/03",,"0","4600782",,
"600","223040","교보5호스팩","KOSDAQ","주권","보통주","2015/08/27","2018/03/30","상장예비심사 청구서 미제출로 관리종목 지정 후 1개월 이내 동 사유 미해소","2018/03/21","2018/03/29","금융","100","5430000",,
"601","221950","케이비드림3호스팩","KOSDAQ","주권","보통주","2015/08/21","2018/03/30","상장예비심사 청구서 미제출로 관리종목 지정 후 1개월 이내 동 사유 미해소","2018/03/21","2018/03/29","금융","100","6815000",,
"602","199870","세기리텍","KONEX","주권","보통주","2015/12/24","2018/03/28","지정자문인 선임계약 해지후 30일이내 미체결(18.3.14限)","2018/03/19","2018/03/27","-","500","9803030",,
"603","008000","도레이케미칼","KOSPI","주권","보통주","1977/06/30","2018/03/20","지주회사(최대주주등)의 완전자회사화 등",,,"화학","5000","46363851",,
"604","051170","썬코어","KOSDAQ","주권","보통주","2001/10/23","2018/03/15","'16사업연도 감사의견거절(계속기업 존속능력에 대한 불확실성) 및 '17사업연도 반기 감사의견거절(계속기업 존속능력에 대한 불확실성)","2018/03/06","2018/03/14","기계·장비","500","38868605",,
"605","222390","케이비제8호스팩","KOSDAQ","주권","보통주","2015/08/05","2018/03/13","상장예비심사 청구서 미제출로 관리종목 지정 후 1개월 이내 동 사유 미해소","2018/03/02","2018/03/12","금융","100","10310000",,
"606","039790","위노바","KOSDAQ","주권","보통주","2000/07/25","2018/03/09","기업의 계속성 및 경영의 투명성 등을 종합적으로 고려하여 상장폐지기준에 해당한다고 결정","2018/02/27","2018/03/08","화학","500","78610739",,
"607","219860","한화에이스스팩2호","KOSDAQ","주권","보통주","2015/07/20","2018/03/02","상장예비심사 청구서 미제출로 관리종목 지정 후 1개월 이내 동 사유 미해소","2018/02/20","2018/02/28","금융","100","7123000",,
"608","219960","유안타제2호스팩","KOSDAQ","주권","보통주","2015/07/17","2018/02/23","상장예비심사 청구서 미제출로 관리종목 지정 후 1개월 이내 동 사유 미해소","2018/02/12","2018/02/22","금융","100","6500000",,
"609","218710","키움스팩3호","KOSDAQ","주권","보통주","2015/07/06","2018/02/14","상장예비심사 청구서 미제출로 관리종목 지정 후 1개월 이내 동 사유 미해소","2018/02/05","2018/02/13","금융","100","6700000",,
"610","256090","패션플랫폼","KONEX","주권","보통주","2016/12/20","2018/02/13","피흡수합병",,,"-","500","4346000",,
"611","72501A3B","신한BNPP서울시지하철9호선1호","KOSPI","수익증권","보통주","2014/02/21","2018/02/12","수익증권 신탁기간의 만료 또는 전액 중도 환수",,,,"1000","25000000","047190","신한자산운용"
"612","219580","골든브릿지제3호스팩","KOSDAQ","주권","보통주","2015/06/30","2018/02/07","상장예비심사 청구서 미제출로 관리종목 지정 후 1개월 이내 동 사유 미해소","2018/01/29","2018/02/06","금융","100","4900000",,
"613","217810","엔에이치스팩7호","KOSDAQ","주권","보통주","2015/06/12","2018/01/19","상장예비심사 청구서 미제출로 관리종목 지정 후 1개월 이내 동 사유 미해소","2018/01/10","2018/01/18","금융","100","4830000",,
"614","215750","미래에셋제3호스팩","KOSDAQ","주권","보통주","2015/05/22","2018/01/04","상장예비심사 청구서 미제출로 관리종목 지정 후 1개월 이내 동 사유 미해소","2017/12/21","2018/01/03","금융","100","6100000",,