종목코드,종목명,시장구분,업종명,종가,대비,등락률,시가총액
"095570","AJ네트웍스","KOSPI","서비스업","4525","65","1.46","211870884875"
"006840","AK홀딩스","KOSPI","기타금융","19400","-330","-1.67","257002683400"
"027410","BGF","KOSPI","기타금융","3875","15","0.39","370902565125"
"282330","BGF리테일","KOSPI","유통업","182300","-1700","-0.92","3150856063800"
"138930","BNK금융지주","KOSPI","기타금융","6910","100","1.47","2252212549860"
"001460","BYC","KOSPI","섬유의복","402500","-9000","-2.19","251407537500"
"001465","BYC우","KOSPI","섬유의복","147900","-600","-0.40","31855441500"
"001040","CJ","KOSPI","기타금융","69900","-1400","-1.96","2039472160200"
"079160","CJ CGV","KOSPI","서비스업","9590","-200","-2.04","457712181710"
"00104K","CJ4우(전환)","KOSPI","기타금융","59800","-1200","-1.97","252745417600"
"000120","CJ대한통운","KOSPI","운수창고업","74800","200","0.27","1706363331200"
"011150","CJ씨푸드","KOSPI","음식료품","3565","-115","-3.13","128093205745"
"011155","CJ씨푸드1우","KOSPI","음식료품","23950","-700","-2.84","4790000000"
"001045","CJ우","KOSPI","기타금융","46050","-50","-0.11","104083269150"
"097950","CJ제일제당","KOSPI","음식료품","274000","500","0.18","4124846964000"
"097955","CJ제일제당 우","KOSPI","음식료품","137000","-100","-0.07","181858321000"
"000590","CS홀딩스","KOSPI","기타금융","60200","400","0.67","69499816400"
"012030","DB","KOSPI","서비스업","2115","-90","-4.08","425482868295"
"016610","DB금융투자","KOSPI","증권","4115","10","0.24","174666890735"
"005830","DB손해보험","KOSPI","보험","74700","-600","-0.80","5288760000000"
"000990","DB하이텍","KOSPI","전기전자","62600","-1300","-2.03","2779351608800"
"000995","DB하이텍1우","KOSPI","전기전자","37200","-5250","-12.37","4178155200"
"139130","DGB금융지주","KOSPI","기타금융","7190","50","0.70","1216158539270"
"001530","DI동일","KOSPI","유통업","21350","-500","-2.29","555968453950"
"000210","DL","KOSPI","화학","43250","-450","-1.03","906341983000"
"001880","DL건설","KOSPI","건설업","13880","-50","-0.36","306099581920"
"000215","DL우","KOSPI","화학","26050","0","0.00","43923295750"
"375500","DL이앤씨","KOSPI","건설업","35900","200","0.56","1389101065700"
"37550L","DL이앤씨2우(전환)","KOSPI","건설업","25150","-150","-0.59","53115567650"
"37550K","DL이앤씨우","KOSPI","건설업","20500","-100","-0.49","43334642500"
"007340","DN오토모티브","KOSPI","전기전자","94700","2700","2.93","946432273500"
"004840","DRB동일","KOSPI","화학","5300","0","0.00","105629000000"
"155660","DSR","KOSPI","철강금속","5130","90","1.79","82080000000"
"069730","DSR제강","KOSPI","철강금속","4900","50","1.03","70560000000"
"017940","E1","KOSPI","유통업","51900","800","1.57","356034000000"
"365550","ESR켄달스퀘어리츠","KOSPI","서비스업","4000","-10","-0.25","852356000000"
"383220","F&F","KOSPI","섬유의복","122100","-1800","-1.45","4677293857500"
"007700","F&F홀딩스","KOSPI","기타금융","20450","100","0.49","799888805150"
"114090","GKL","KOSPI","서비스업","16530","120","0.73","1022474225100"
"078930","GS","KOSPI","기타금융","37000","200","0.54","3437868986000"
"006360","GS건설","KOSPI","건설업","20200","0","0.00","1728746098000"
"001250","GS글로벌","KOSPI","유통업","3000","-10","-0.33","247601292000"
"007070","GS리테일","KOSPI","유통업","23450","200","0.86","2455635270900"
"078935","GS우","KOSPI","기타금융","34050","150","0.44","60773325300"
"012630","HDC","KOSPI","기타금융","6400","0","0.00","382347014400"
"039570","HDC랩스","KOSPI","건설업","8520","220","2.65","221158760520"
"089470","HDC현대EP","KOSPI","화학","4620","-10","-0.22","147378000000"
"294870","HDC현대산업개발","KOSPI","건설업","11670","-10","-0.09","769138541100"
"009540","HD한국조선해양","KOSPI","기타금융","120100","3200","2.74","8499851231600"
"267250","HD현대","KOSPI","기타금융","62600","100","0.16","4944967121000"
"267270","HD현대건설기계","KOSPI","기계","77700","4700","6.44","1530751616100"
"322000","HD현대에너지솔루션","KOSPI","전기전자","38050","-400","-1.04","426160000000"
"042670","HD현대인프라코어","KOSPI","기계","11480","370","3.33","2291447640440"
"267260","HD현대일렉트릭","KOSPI","전기전자","59000","1800","3.15","2126780965000"
"329180","HD현대중공업","KOSPI","운수장비","130600","-400","-0.31","11593768949600"
"097230","HJ중공업","KOSPI","건설업","4220","180","4.46","351417465820"
"014790","HL D&I","KOSPI","건설업","2735","25","0.92","103543273735"
"003580","HLB글로벌","KOSPI","광업","5020","80","1.62","212714764180"
"204320","HL만도","KOSPI","운수장비","52100","800","1.56","2446465952000"
"060980","HL홀딩스","KOSPI","기타금융","36700","950","2.66","373217347000"
"011200","HMM","KOSPI","운수창고업","19120","510","2.74","9350435163520"
"082740","HSD엔진","KOSPI","기계","10250","30","0.29","733325938500"
"003560","IHQ","KOSPI","서비스업","239","0","0.00","57908659872"
"175330","JB금융지주","KOSPI","기타금융","8540","-20","-0.23","1682233914760"
"234080","JW생명과학","KOSPI","의약품","12990","170","1.33","205690856460"
"001060","JW중외제약","KOSPI","의약품","22800","-550","-2.36","520638820800"
"001067","JW중외제약2우B","KOSPI","의약품","60300","-100","-0.17","12416734800"
"001065","JW중외제약우","KOSPI","의약품","30800","-250","-0.81","10328010000"
"096760","JW홀딩스","KOSPI","기타금융","3270","-20","-0.61","237101679930"
"105560","KB금융","KOSPI","기타금융","47550","350","0.74","19186951473600"
"432320","KB스타리츠","KOSPI","서비스업","4610","10","0.22","467519853850"
"002380","KCC","KOSPI","화학","202500","0","0.00","1799510377500"
"344820","KCC글라스","KOSPI","비금속광물","46000","300","0.66","734643552000"
"009070","KCTC","KOSPI","운수창고업","4250","150","3.66","127500000000"
"009440","KC그린홀딩스","KOSPI","기타금융","3925","-80","-2.00","88057296500"
"119650","KC코트렐","KOSPI","기계","2610","-60","-2.25","94835472300"
"092220","KEC","KOSPI","전기전자","2010","17","0.85","290973913410"
"003620","KG모빌리티","KOSPI","운수장비","7930","-250","-3.06","1482561270320"
"016380","KG스틸","KOSPI","철강금속","9200","190","2.11","920081852400"
"001390","KG케미칼","KOSPI","화학","43050","-250","-0.58","596935432800"
"033180","KH 필룩스","KOSPI","전기전자","442","0","0.00","84294994836"
"001940","KISCO홀딩스","KOSPI","철강금속","18100","70","0.39","292792478000"
"025000","KPX케미칼","KOSPI","화학","46950","300","0.64","227238000000"
"092230","KPX홀딩스","KOSPI","화학","51800","100","0.19","218836662800"
"000040","KR모터스","KOSPI","운수장비","589","-3","-0.51","56625555885"
"044450","KSS해운","KOSPI","운수창고업","9230","340","3.82","213082672400"
"030200","KT","KOSPI","통신업","30350","-50","-0.16","7924743372800"
"033780","KT&G","KOSPI","기타제조업","84400","500","0.60","11587486746800"
"058850","KTcs","KOSPI","서비스업","3665","-10","-0.27","156440525000"
"058860","KTis","KOSPI","서비스업","3470","-10","-0.29","120762940000"
"093050","LF","KOSPI","섬유의복","16910","80","0.48","494448400000"
"003550","LG","KOSPI","기타금융","88400","300","0.34","13905407781200"
"034220","LG디스플레이","KOSPI","전기전자","15950","-160","-0.99","5707160415000"
"051900","LG생활건강","KOSPI","화학","483000","-11500","-2.33","7543589151000"
"051905","LG생활건강우","KOSPI","화학","195800","-3800","-1.90","411120672600"
"373220","LG에너지솔루션","KOSPI","전기전자","561000","-3000","-0.53","131274000000000"
"003555","LG우","KOSPI","기타금융","65800","0","0.00","198822596000"
"032640","LG유플러스","KOSPI","통신업","11090","90","0.82","4842019993490"
"011070","LG이노텍","KOSPI","전기전자","312500","4500","1.46","7395970937500"
"066570","LG전자","KOSPI","전기전자","123000","-500","-0.40","20128681122000"
"066575","LG전자우","KOSPI","전기전자","53600","600","1.13","921169171200"
"037560","LG헬로비전","KOSPI","서비스업","4390","75","1.74","339991737350"
"051910","LG화학","KOSPI","화학","703000","0","0.00","49626417129000"
"051915","LG화학우","KOSPI","화학","366500","-6000","-1.61","2817945200000"
"079550","LIG넥스원","KOSPI","기계","80200","-1300","-1.60","1764400000000"
"006260","LS","KOSPI","기타금융","91900","1600","1.77","2959180000000"
"010120","LS ELECTRIC","KOSPI","전기전자","74900","0","0.00","2247000000000"
"000680","LS네트웍스","KOSPI","유통업","2800","-15","-0.53","220648444800"
"229640","LS전선아시아","KOSPI","기타금융","7030","20","0.29","215292899370"
"108320","LX세미콘","KOSPI","전기전자","120000","-2500","-2.04","1951716000000"
"001120","LX인터내셔널","KOSPI","유통업","34700","1000","2.97","1344972000000"
"108670","LX하우시스","KOSPI","화학","45450","650","1.45","407580601500"
"108675","LX하우시스우","KOSPI","화학","19880","80","0.40","20522720400"
"383800","LX홀딩스","KOSPI","기타금융","7980","-30","-0.37","608719906200"
"38380K","LX홀딩스1우","KOSPI","기타금융","10340","70","0.68","15151046900"
"023150","MH에탄올","KOSPI","음식료품","7340","-10","-0.14","54158380840"
"035420","NAVER","KOSPI","서비스업","185900","-3000","-1.59","30496724901500"
"181710","NHN","KOSPI","서비스업","25300","400","1.61","883898054600"
"400760","NH올원리츠","KOSPI","서비스업","3645","10","0.28","153819000000"
"005940","NH투자증권","KOSPI","증권","9570","-30","-0.31","3174042863970"
"005945","NH투자증권우","KOSPI","증권","9250","0","0.00","174556454000"
"338100","NH프라임리츠","KOSPI","서비스업","4310","-5","-0.12","80424600000"
"034310","NICE","KOSPI","서비스업","11380","120","1.07","431100574000"
"008260","NI스틸","KOSPI","철강금속","7400","50","0.68","211640865800"
"004250","NPC","KOSPI","화학","6660","30","0.45","244555200000"
"004255","NPC우","KOSPI","화학","3235","-55","-1.67","17080800000"
"456040","OCI","KOSPI","화학","122800","6700","5.77","913230321200"
"010060","OCI홀딩스","KOSPI","화학","109400","-10200","-8.53","1795543034800"
"178920","PI첨단소재","KOSPI","화학","38700","1100","2.93","1136476661400"
"005490","POSCO홀딩스","KOSPI","철강금속","403500","3500","0.88","34124491305000"
"010950","S-Oil","KOSPI","화학","69500","-1500","-2.11","7824504044000"
"010955","S-Oil우","KOSPI","화학","52100","100","0.19","209542396700"
"034120","SBS","KOSPI","서비스업","30700","-700","-2.23","560354267400"
"005090","SGC에너지","KOSPI","전기가스업","26300","400","1.54","386005205200"
"001380","SG글로벌","KOSPI","운수장비","1397","7","0.50","62814907771"
"004060","SG세계물산","KOSPI","유통업","553","6","1.10","111941002880"
"001770","SHD","KOSPI","철강금속","26500","0","0.00","32194267000"
"002360","SH에너지화학","KOSPI","화학","769","-1","-0.13","85461838370"
"009160","SIMPAC","KOSPI","철강금속","5200","20","0.39","340233483200"
"123700","SJM","KOSPI","운수장비","4875","40","0.83","76073877750"
"025530","SJM홀딩스","KOSPI","유통업","4650","-70","-1.48","69443137200"
"034730","SK","KOSPI","기타금융","155100","3500","2.31","11353060827900"
"011790","SKC","KOSPI","화학","102100","-500","-0.49","3866353225800"
"018670","SK가스","KOSPI","유통업","127100","200","0.16","1173164012400"
"001740","SK네트웍스","KOSPI","유통업","5020","40","0.80","1183606890300"
"001745","SK네트웍스우","KOSPI","유통업","26850","-2250","-7.73","3051448800"
"006120","SK디스커버리","KOSPI","기타금융","36700","50","0.14","698689278500"
"006125","SK디스커버리우","KOSPI","기타금융","29700","250","0.85","40346113500"
"210980","SK디앤디","KOSPI","서비스업","22200","50","0.23","492621640800"
"068400","SK렌터카","KOSPI","서비스업","10460","70","0.67","494609886400"
"395400","SK리츠","KOSPI","서비스업","5140","20","0.39","1010287966060"
"302440","SK바이오사이언스","KOSPI","의약품","78200","-500","-0.64","6004512397200"
"326030","SK바이오팜","KOSPI","서비스업","81600","-1800","-2.16","6390361200000"
"402340","SK스퀘어","KOSPI","기타금융","44900","0","0.00","6351893937900"
"361610","SK아이이테크놀로지","KOSPI","전기전자","91400","600","0.66","6516599908800"
"100090","SK오션플랜트","KOSPI","철강금속","19660","330","1.71","1046600335920"
"03473K","SK우","KOSPI","기타금융","140900","600","0.43","79768421500"
"096770","SK이노베이션","KOSPI","화학","167300","-4200","-2.45","15469488857200"
"096775","SK이노베이션우","KOSPI","화학","110400","-2500","-2.21","137826230400"
"001510","SK증권","KOSPI","증권","679","-4","-0.59","320888726109"
"001515","SK증권우","KOSPI","증권","2565","0","0.00","10035598410"
"285130","SK케미칼","KOSPI","화학","70800","-200","-0.28","1221567836400"
"28513K","SK케미칼우","KOSPI","화학","33050","-150","-0.45","69914928450"
"017670","SK텔레콤","KOSPI","통신업","47600","250","0.53","10416457654400"
"000660","SK하이닉스","KOSPI","전기전자","113000","-500","-0.44","82264267245000"
"003570","SNT다이내믹스","KOSPI","운수장비","10260","-70","-0.68","341172671220"
"064960","SNT모티브","KOSPI","운수장비","51600","300","0.58","754553817600"
"100840","SNT에너지","KOSPI","기계","23850","-50","-0.21","179035057350"
"036530","SNT홀딩스","KOSPI","기타금융","16690","0","0.00","272111857340"
"005610","SPC삼립","KOSPI","음식료품","69400","-1700","-2.39","598853224600"
"011810","STX","KOSPI","유통업","9750","250","2.63","300582350250"
"077970","STX엔진","KOSPI","기계","14550","80","0.55","334779553200"
"071970","STX중공업","KOSPI","기계","7500","230","3.16","214145017500"
"002820","SUN&L","KOSPI","종이목재","2930","-15","-0.51","36941407770"
"084870","TBH글로벌","KOSPI","섬유의복","1795","20","1.13","37437990105"
"002710","TCC스틸","KOSPI","철강금속","37150","1450","4.06","973838843550"
"069260","TKG휴켐스","KOSPI","화학","22600","150","0.67","923856088800"
"002900","TYM","KOSPI","기계","7750","-110","-1.40","349144909000"
"024070","WISCOM","KOSPI","화학","3015","10","0.33","46209210570"
"037270","YG PLUS","KOSPI","서비스업","6580","40","0.61","417365517800"
"000500","가온전선","KOSPI","전기전자","19990","490","2.51","127114930740"
"000860","강남제비스코","KOSPI","화학","23950","450","1.91","155675000000"
"035250","강원랜드","KOSPI","서비스업","17680","610","3.57","3782468040000"
"011420","갤럭시아에스엠","KOSPI","서비스업","2375","-30","-1.25","65430404500"
"002100","경농","KOSPI","화학","10670","-110","-1.02","208305875250"
"009450","경동나비엔","KOSPI","전기전자","49400","0","0.00","719688444800"
"267290","경동도시가스","KOSPI","전기가스업","20600","0","0.00","121445363600"
"012320","경동인베스트","KOSPI","기타금융","89100","1500","1.71","210723549300"
"000050","경방","KOSPI","유통업","9920","-50","-0.50","271959478400"
"214390","경보제약","KOSPI","의약품","7290","60","0.83","174281009400"
"012610","경인양행","KOSPI","화학","4915","-85","-1.70","204544433975"
"009140","경인전자","KOSPI","전기전자","27600","400","1.47","43353997200"
"013580","계룡건설","KOSPI","건설업","17030","-180","-1.05","152093346210"
"012200","계양전기","KOSPI","기계","2225","0","0.00","60570794525"
"012205","계양전기우","KOSPI","기계","4570","-115","-2.45","5342691030"
"002140","고려산업","KOSPI","음식료품","4195","25","0.60","104620887875"
"010130","고려아연","KOSPI","철강금속","494000","1000","0.20","9812400052000"
"002240","고려제강","KOSPI","철강금속","19000","40","0.21","475000000000"
"009290","광동제약","KOSPI","의약품","6680","20","0.30","350171284680"
"017040","광명전기","KOSPI","전기전자","2700","-20","-0.74","117011560500"
"017900","광전자","KOSPI","전기전자","3030","-115","-3.66","175569601890"
"037710","광주신세계","KOSPI","유통업","33450","150","0.45","266168005500"
"030610","교보증권","KOSPI","증권","5240","-30","-0.57","338783271040"
"339770","교촌에프앤비","KOSPI","유통업","8720","20","0.23","217847748800"
"007690","국도화학","KOSPI","화학","55600","-900","-1.59","500990249600"
"005320","국동","KOSPI","유통업","1059","-8","-0.75","60756444975"
"001140","국보","KOSPI","운수창고업","6410","-160","-2.44","72475882900"
"002720","국제약품","KOSPI","의약품","4130","5","0.12","87390106160"
"083420","그린케미칼","KOSPI","화학","9280","-110","-1.17","222720000000"
"014530","극동유화","KOSPI","화학","3585","5","0.14","125006870700"
"014280","금강공업","KOSPI","철강금속","6660","150","2.30","195333517620"
"014285","금강공업우","KOSPI","철강금속","10900","-120","-1.09","6429637500"
"008870","금비","KOSPI","비금속광물","94400","-700","-0.74","94400000000"
"001570","금양","KOSPI","화학","53600","-2400","-4.29","3111481983200"
"002990","금호건설","KOSPI","건설업","6300","-20","-0.32","232807648500"
"002995","금호건설우","KOSPI","건설업","20150","-50","-0.25","5889159900"
"011780","금호석유","KOSPI","화학","136200","1200","0.89","3992609294400"
"011785","금호석유우","KOSPI","화학","68800","1000","1.47","208015836800"
"214330","금호에이치티","KOSPI","운수장비","898","-11","-1.21","176134590162"
"001210","금호전기","KOSPI","전기전자","903","-2","-0.22","30601873554"
"073240","금호타이어","KOSPI","화학","5050","100","2.02","1450664449350"
"092440","기신정기","KOSPI","기계","3405","-5","-0.15","99426000000"
"000270","기아","KOSPI","운수장비","86200","700","0.82","34656210298600"
"024110","기업은행","KOSPI","은행","10260","10","0.10","8181589415940"
"013700","까뮤이앤씨","KOSPI","건설업","1735","4","0.23","78339205800"
"004540","깨끗한나라","KOSPI","종이목재","2630","-5","-0.19","97943022590"
"004545","깨끗한나라우","KOSPI","종이목재","16520","-180","-1.08","6048963200"
"001260","남광토건","KOSPI","건설업","10230","-20","-0.20","100587211560"
"008350","남선알미늄","KOSPI","철강금속","2735","15","0.55","353031311150"
"008355","남선알미우","KOSPI","철강금속","25200","-450","-1.75","7758828000"
"004270","남성","KOSPI","유통업","2450","-80","-3.16","88719792000"
"003920","남양유업","KOSPI","음식료품","543000","15000","2.84","390960000000"
"003925","남양유업우","KOSPI","음식료품","298000","7500","2.58","59600000000"
"025860","남해화학","KOSPI","화학","8790","10","0.11","436677029970"
"005720","넥센","KOSPI","화학","4350","50","1.16","232916299950"
"005725","넥센우","KOSPI","화학","3120","0","0.00","11233872000"
"002350","넥센타이어","KOSPI","화학","8140","280","3.56","795016518780"
"002355","넥센타이어1우B","KOSPI","화학","3020","50","1.68","19630000000"
"251270","넷마블","KOSPI","서비스업","51600","-100","-0.19","4435200703200"
"090350","노루페인트","KOSPI","화학","8830","150","1.73","176600000000"
"090355","노루페인트우","KOSPI","화학","13760","-10","-0.07","6372613760"
"000320","노루홀딩스","KOSPI","기타금융","10520","140","1.35","139822908520"
"000325","노루홀딩스우","KOSPI","기타금융","21250","-800","-3.63","5175628750"
"006280","녹십자","KOSPI","의약품","109100","-400","-0.37","1275001295800"
"005250","녹십자홀딩스","KOSPI","서비스업","13990","-160","-1.13","657924657900"
"005257","녹십자홀딩스2우","KOSPI","서비스업","30200","-300","-0.98","25548898000"
"004370","농심","KOSPI","음식료품","420000","16000","3.96","2554709640000"
"072710","농심홀딩스","KOSPI","기타금융","69200","1700","2.52","320935068000"
"058730","다스코","KOSPI","기계","4895","20","0.41","94948026195"
"030210","다올투자증권","KOSPI","증권","3420","70","2.09","208315982520"
"023590","다우기술","KOSPI","서비스업","17850","-20","-0.11","800869113450"
"145210","다이나믹디자인","KOSPI","기계","6800","-450","-6.21","116214577200"
"019680","대교","KOSPI","서비스업","2710","40","1.50","229544723500"
"019685","대교우B","KOSPI","서비스업","1763","-7","-0.40","34249783370"
"006370","대구백화점","KOSPI","유통업","13300","-1200","-8.28","143927426300"
"008060","대덕","KOSPI","기타금융","6570","0","0.00","222658285500"
"00806K","대덕1우","KOSPI","기타금융","9700","-10","-0.10","11759862900"
"353200","대덕전자","KOSPI","전기전자","31200","750","2.46","1541808060000"
"35320K","대덕전자1우","KOSPI","전기전자","11650","120","1.04","24412796350"
"000490","대동","KOSPI","기계","12250","-280","-2.23","293171336500"
"008110","대동전자","KOSPI","전기전자","6230","-50","-0.80","65355484810"
"005750","대림B&Co","KOSPI","비금속광물","4095","-25","-0.61","68272822800"
"006570","대림통상","KOSPI","기계","3700","60","1.65","56332500000"
"001680","대상","KOSPI","음식료품","17420","-140","-0.80","603568595500"
"001685","대상우","KOSPI","음식료품","14770","-30","-0.20","20238193710"
"084690","대상홀딩스","KOSPI","기타금융","8270","-90","-1.08","299477689260"
"084695","대상홀딩스우","KOSPI","기타금융","9410","-170","-1.77","8595865620"
"128820","대성산업","KOSPI","유통업","4050","10","0.25","183203685900"
"117580","대성에너지","KOSPI","전기가스업","8340","-20","-0.24","229350000000"
"016710","대성홀딩스","KOSPI","서비스업","15020","-230","-1.51","241663674180"
"003540","대신증권","KOSPI","증권","13500","40","0.30","685440900000"
"003547","대신증권2우B","KOSPI","증권","12510","-20","-0.16","125100000000"
"003545","대신증권우","KOSPI","증권","13160","-10","-0.08","342160000000"
"009190","대양금속","KOSPI","철강금속","3695","-95","-2.51","136733970130"
"014160","대영포장","KOSPI","종이목재","1365","-10","-0.73","147958559385"
"047040","대우건설","KOSPI","건설업","4195","30","0.72","1743536966410"
"009320","대우부품","KOSPI","운수장비","1684","8","0.48","80236495500"
"003090","대웅","KOSPI","의약품","13250","10","0.08","770381235000"
"069620","대웅제약","KOSPI","의약품","103400","300","0.29","1198051855000"
"000430","대원강업","KOSPI","운수장비","4295","25","0.59","266290000000"
"006340","대원전선","KOSPI","전기전자","1257","8","0.64","90459419238"
"006345","대원전선우","KOSPI","전기전자","2565","-5","-0.19","6723378000"
"003220","대원제약","KOSPI","의약품","13970","30","0.22","306846439900"
"024890","대원화성","KOSPI","화학","2675","-15","-0.56","110341481600"
"002880","대유에이텍","KOSPI","운수장비","695","2","0.29","80573360635"
"000300","대유플러스","KOSPI","전기전자","1140","-36","-3.06","138303986040"
"012800","대창","KOSPI","철강금속","1525","-11","-0.72","138989260975"
"015230","대창단조","KOSPI","운수장비","7370","110","1.52","210577335100"
"001070","대한방직","KOSPI","섬유의복","38100","0","0.00","201930000000"
"006650","대한유화","KOSPI","화학","145800","1800","1.25","947700000000"
"001440","대한전선","KOSPI","전기전자","14600","-50","-0.34","1816930580000"
"084010","대한제강","KOSPI","철강금속","13890","200","1.46","342343135260"
"001790","대한제당","KOSPI","음식료품","3265","-130","-3.83","292859333700"
"001795","대한제당우","KOSPI","음식료품","2805","-30","-1.06","18184141800"
"001130","대한제분","KOSPI","음식료품","133100","0","0.00","224939000000"
"003490","대한항공","KOSPI","운수창고업","23750","100","0.42","8745240698750"
"003495","대한항공우","KOSPI","운수창고업","28550","100","0.35","31713168700"
"005880","대한해운","KOSPI","운수창고업","2095","101","5.07","668676778700"
"003830","대한화섬","KOSPI","화학","105600","800","0.76","140236800000"
"016090","대현","KOSPI","섬유의복","2130","10","0.47","94321320300"
"069460","대호에이엘","KOSPI","철강금속","1431","-26","-1.78","86338140030"
"118000","더메디팜","KOSPI","유통업","548","-1","-0.18","50881490928"
"192080","더블유게임즈","KOSPI","서비스업","43550","850","1.99","792207467350"
"012510","더존비즈온","KOSPI","서비스업","29300","-150","-0.51","890215571200"
"004830","덕성","KOSPI","화학","4580","95","2.12","71814400000"
"004835","덕성우","KOSPI","화학","5610","10","0.18","7809120000"
"024900","덕양산업","KOSPI","운수장비","7770","-250","-3.12","253029894600"
"145720","덴티움","KOSPI","의료정밀","150400","-6100","-3.90","1664752032000"
"002150","도화엔지니어링","KOSPI","서비스업","9100","-110","-1.19","306852000000"
"460850","동국씨엠","KOSPI","철강금속","12140","290","2.45","362969683840"
"460860","동국제강","KOSPI","철강금속","11960","860","7.75","593311883320"
"001230","동국홀딩스","KOSPI","철강금속","17870","3530","24.62","284598763680"
"023450","동남합성","KOSPI","화학","38300","100","0.26","134050000000"
"004140","동방","KOSPI","운수창고업","2390","15","0.63","114652520740"
"007590","동방아그로","KOSPI","화학","6890","110","1.62","93825105530"
"005960","동부건설","KOSPI","건설업","7240","-30","-0.41","165614008120"
"005965","동부건설우","KOSPI","건설업","28250","-200","-0.70","6376929000"
"026960","동서","KOSPI","유통업","19070","10","0.05","1901279000000"
"002210","동성제약","KOSPI","의약품","5820","-70","-1.19","151907645400"
"102260","동성케미컬","KOSPI","서비스업","4535","-165","-3.51","225342916480"
"000640","동아쏘시오홀딩스","KOSPI","기타금융","85600","-100","-0.12","543466952800"
"170900","동아에스티","KOSPI","의약품","53600","-100","-0.19","461748348800"
"028100","동아지질","KOSPI","건설업","13480","-180","-1.32","189429668080"
"282690","동아타이어","KOSPI","화학","11880","0","0.00","163148218200"
"001520","동양","KOSPI","비금속광물","1039","-5","-0.48","247992741457"
"001527","동양2우B","KOSPI","비금속광물","12530","-190","-1.49","3866369570"
"084670","동양고속","KOSPI","운수창고업","15340","450","3.02","44418028460"
"082640","동양생명","KOSPI","보험","3565","-5","-0.14","575243355525"
"001525","동양우","KOSPI","비금속광물","6220","-190","-2.96","3842286820"
"008970","동양철관","KOSPI","철강금속","1044","3","0.29","124116242760"
"092780","동양피스톤","KOSPI","운수장비","5070","0","0.00","66764092200"
"049770","동원F&B","KOSPI","음식료품","27550","-400","-1.43","531594331000"
"018500","동원금속","KOSPI","운수장비","2555","50","2.00","119458853815"
"006040","동원산업","KOSPI","기타금융","40100","200","0.50","2004304866500"
"030720","동원수산","KOSPI","농업, 임업 및 어업","8610","-20","-0.23","40069261050"
"014820","동원시스템즈","KOSPI","화학","38000","750","2.01","1101668716000"
"014825","동원시스템즈우","KOSPI","화학","27400","-300","-1.08","7236641400"
"163560","동일고무벨트","KOSPI","화학","6870","-60","-0.87","95493000000"
"004890","동일산업","KOSPI","철강금속","154000","0","0.00","373483110000"
"002690","동일제강","KOSPI","철강금속","2260","0","0.00","45878813600"
"000020","동화약품","KOSPI","의약품","10820","-70","-0.64","302218505400"
"000150","두산","KOSPI","기타금융","91600","-500","-0.54","1513583286000"
"000157","두산2우B","KOSPI","기타금융","84900","0","0.00","75818926200"
"241560","두산밥캣","KOSPI","기계","57700","100","0.17","5784376878200"
"034020","두산에너빌리티","KOSPI","기계","18230","440","2.47","11677429691580"
"000155","두산우","KOSPI","기타금융","53100","-300","-0.56","212212132200"
"336260","두산퓨얼셀","KOSPI","전기전자","29000","350","1.22","1899318054000"
"33626K","두산퓨얼셀1우","KOSPI","전기전자","8890","-40","-0.45","118807738000"
"33626L","두산퓨얼셀2우B","KOSPI","전기전자","10750","-20","-0.19","32102725000"
"016740","두올","KOSPI","운수장비","4110","55","1.36","135904054800"
"192650","드림텍","KOSPI","전기전자","9180","30","0.33","619229399940"
"024090","디씨엠","KOSPI","철강금속","12320","10","0.08","140448000000"
"003160","디아이","KOSPI","의료정밀","7500","-20","-0.27","212250000000"
"092200","디아이씨","KOSPI","운수장비","6640","-330","-4.73","258220098160"
"377190","디앤디플랫폼리츠","KOSPI","서비스업","3280","10","0.31","211232000000"
"013570","디와이","KOSPI","기타금융","5780","-110","-1.87","152127478740"
"210540","디와이파워","KOSPI","기계","13870","150","1.09","153148489960"
"115390","락앤락","KOSPI","화학","5940","120","2.06","298190637360"
"032350","롯데관광개발","KOSPI","서비스업","10930","-100","-0.91","806225862870"
"089860","롯데렌탈","KOSPI","서비스업","27900","150","0.54","1022090357700"
"330590","롯데리츠","KOSPI","서비스업","3810","45","1.20","925711448040"
"000400","롯데손해보험","KOSPI","보험","1724","-3","-0.17","535019815680"
"023530","롯데쇼핑","KOSPI","유통업","71600","400","0.56","2025474858000"
"020150","롯데에너지머티리얼즈","KOSPI","전기전자","54500","-1000","-1.80","2513040507500"
"280360","롯데웰푸드","KOSPI","음식료품","105300","-400","-0.38","993460642200"
"004000","롯데정밀화학","KOSPI","화학","69200","-100","-0.14","1785360000000"
"286940","롯데정보통신","KOSPI","서비스업","26700","350","1.33","411082037700"
"004990","롯데지주","KOSPI","기타금융","25600","0","0.00","2685676467200"
"00499K","롯데지주우","KOSPI","기타금융","39200","0","0.00","31579637600"
"005300","롯데칠성","KOSPI","음식료품","130300","-1500","-1.14","1209038585200"
"005305","롯데칠성우","KOSPI","음식료품","63200","-800","-1.25","48999592000"
"011170","롯데케미칼","KOSPI","화학","163200","-2000","-1.21","6980948380800"
"071840","롯데하이마트","KOSPI","유통업","10070","50","0.50","237729659840"
"027740","마니커","KOSPI","음식료품","1515","-15","-0.98","96219510420"
"357430","마스턴프리미어리츠","KOSPI","서비스업","3280","0","0.00","87182400000"
"001080","만호제강","KOSPI","철강금속","45800","0","0.00","190070000000"
"088980","맥쿼리인프라","KOSPI","기타금융","13030","0","0.00","5275137477410"
"094800","맵스리얼티1","KOSPI","기타금융","4280","-10","-0.23","397330936680"
"138040","메리츠금융지주","KOSPI","기타금융","41250","-700","-1.67","8588986642500"
"090370","메타랩스","KOSPI","섬유의복","3185","-5","-0.16","79321434465"
"017180","명문제약","KOSPI","의약품","2490","-40","-1.58","84544100460"
"009900","명신산업","KOSPI","운수장비","22700","0","0.00","1191072019100"
"012690","모나리자","KOSPI","종이목재","2830","-15","-0.53","103496651650"
"005360","모나미","KOSPI","유통업","3530","5","0.14","66707493710"
"204210","모두투어리츠","KOSPI","서비스업","3900","-15","-0.38","30524578500"
"009680","모토닉","KOSPI","운수장비","8680","80","0.93","286440000000"
"009580","무림P&P","KOSPI","종이목재","3800","20","0.53","236999631200"
"009200","무림페이퍼","KOSPI","종이목재","2435","-25","-1.02","101318669850"
"033920","무학","KOSPI","음식료품","5740","-20","-0.35","163590000000"
"008420","문배철강","KOSPI","철강금속","3685","60","1.66","75555415925"
"025560","미래산업","KOSPI","의료정밀","26500","-50","-0.19","121250114000"
"007120","미래아이앤지","KOSPI","서비스업","1673","-15","-0.89","46649236032"
"396690","미래에셋글로벌리츠","KOSPI","서비스업","3410","-20","-0.58","99094600000"
"357250","미래에셋맵스리츠","KOSPI","서비스업","3420","-15","-0.44","68742000000"
"085620","미래에셋생명","KOSPI","보험","3830","90","2.41","677972003870"
"006800","미래에셋증권","KOSPI","증권","7330","-50","-0.68","4436969270640"
"00680K","미래에셋증권2우B","KOSPI","증권","3750","-20","-0.53","525000000000"
"006805","미래에셋증권우","KOSPI","증권","4060","-5","-0.12","57147545000"
"002840","미원상사","KOSPI","화학","174800","900","0.52","847780000000"
"268280","미원에스씨","KOSPI","화학","153600","5500","3.71","783360000000"
"107590","미원홀딩스","KOSPI","기타금융","98700","1400","1.44","228984000000"
"134380","미원화학","KOSPI","화학","64700","0","0.00","142292639600"
"003650","미창석유","KOSPI","화학","67200","-100","-0.15","116905958400"
"155900","바다로19호","KOSPI","서비스업","2880","5","0.17","43776011520"
"377740","바이오노트","KOSPI","의약품","4695","-25","-0.53","478777545360"
"003610","방림","KOSPI","섬유의복","5110","0","0.00","216224999900"
"001340","백광산업","KOSPI","화학","8210","250","3.14","368780121470"
"035150","백산","KOSPI","화학","8060","270","3.47","185460600000"
"002410","범양건영","KOSPI","건설업","3280","-15","-0.46","81448900960"
"007210","벽산","KOSPI","비금속광물","2305","110","5.01","158030800000"
"002760","보락","KOSPI","화학","1659","-11","-0.66","99374100000"
"003850","보령","KOSPI","의약품","8360","40","0.48","574248400000"
"000890","보해양조","KOSPI","음식료품","607","2","0.33","84445918303"
"003000","부광약품","KOSPI","의약품","7220","70","0.98","513075213780"
"001270","부국증권","KOSPI","증권","21550","250","1.17","223471043300"
"001275","부국증권우","KOSPI","증권","18910","0","0.00","56730000000"
"026940","부국철강","KOSPI","철강금속","3590","-10","-0.28","71800000000"
"011390","부산산업","KOSPI","비금속광물","79800","-400","-0.50","84268800000"
"005030","부산주공","KOSPI","운수장비","486","0","0.00","38288532168"
"002070","비비안","KOSPI","섬유의복","1585","107","7.24","47223474150"
"100220","비상교육","KOSPI","서비스업","6120","-340","-5.26","79540054920"
"090460","비에이치","KOSPI","전기전자","27000","200","0.75","930538233000"
"030790","비케이탑스","KOSPI","서비스업","904","0","0.00","19208323080"
"005180","빙그레","KOSPI","음식료품","47950","550","1.16","472367005950"
"003960","사조대림","KOSPI","음식료품","26550","-450","-1.67","243316598850"
"008040","사조동아원","KOSPI","음식료품","1106","-27","-2.38","156105927600"
"007160","사조산업","KOSPI","농업, 임업 및 어업","40200","50","0.12","201000000000"
"014710","사조씨푸드","KOSPI","음식료품","5000","-140","-2.72","86092715000"
"006090","사조오양","KOSPI","음식료품","8240","-60","-0.72","77643369360"
"001470","삼부토건","KOSPI","건설업","3475","35","1.02","686914978125"
"448730","삼성FN리츠","KOSPI","서비스업","5100","0","0.00","394230000000"
"006400","삼성SDI","KOSPI","전기전자","678000","-5000","-0.73","46622351340000"
"006405","삼성SDI우","KOSPI","전기전자","323500","-2500","-0.77","523389356000"
"006660","삼성공조","KOSPI","운수장비","11100","-20","-0.18","90202085400"
"028260","삼성물산","KOSPI","유통업","105400","-1000","-0.94","19561362018000"
"02826K","삼성물산우B","KOSPI","유통업","96100","100","0.10","156395542500"
"207940","삼성바이오로직스","KOSPI","의약품","748000","-12000","-1.58","53238152000000"
"032830","삼성생명","KOSPI","보험","65300","200","0.31","13060000000000"
"018260","삼성에스디에스","KOSPI","서비스업","123800","0","0.00","9579371640000"
"028050","삼성엔지니어링","KOSPI","서비스업","28350","-150","-0.53","5556600000000"
"009150","삼성전기","KOSPI","전기전자","145200","800","0.55","10845524659200"
"009155","삼성전기우","KOSPI","전기전자","68800","300","0.44","200000499200"
"005930","삼성전자","KOSPI","전기전자","72600","200","0.28","433406213130000"
"005935","삼성전자우","KOSPI","전기전자","60300","-200","-0.33","49620068010000"
"001360","삼성제약","KOSPI","의약품","3165","-80","-2.47","212567980035"
"010140","삼성중공업","KOSPI","운수장비","6690","70","1.06","5887200000000"
"010145","삼성중공우","KOSPI","운수장비","125800","-6700","-5.06","14447501000"
"016360","삼성증권","KOSPI","증권","35750","-550","-1.52","3192475000000"
"068290","삼성출판사","KOSPI","서비스업","21350","50","0.23","213500000000"
"029780","삼성카드","KOSPI","기타금융","29500","0","0.00","3417837284500"
"000810","삼성화재","KOSPI","보험","227000","2000","0.89","10754087999000"
"000815","삼성화재우","KOSPI","보험","171000","-300","-0.18","545832000000"
"006110","삼아알미늄","KOSPI","철강금속","102300","-800","-0.78","1505029006800"
"145990","삼양사","KOSPI","음식료품","42950","-150","-0.35","442962634550"
"145995","삼양사우","KOSPI","음식료품","26600","-100","-0.37","9843862000"
"003230","삼양식품","KOSPI","음식료품","110000","5100","4.86","828631650000"
"002170","삼양통상","KOSPI","기타제조업","51100","800","1.59","153300000000"
"272550","삼양패키징","KOSPI","화학","16630","-140","-0.83","262565598730"
"000070","삼양홀딩스","KOSPI","기타금융","73000","-200","-0.27","625191783000"
"000075","삼양홀딩스우","KOSPI","기타금융","54600","-200","-0.36","16601566800"
"003720","삼영","KOSPI","화학","4030","-25","-0.62","137020000000"
"002810","삼영무역","KOSPI","유통업","13200","20","0.15","243763713600"
"005680","삼영전자","KOSPI","전기전자","9480","-20","-0.21","189600000000"
"023000","삼원강재","KOSPI","운수장비","3260","40","1.24","130400000000"
"004380","삼익THK","KOSPI","기계","12640","-30","-0.24","265440000000"
"002450","삼익악기","KOSPI","기타제조업","1209","-6","-0.49","109451876235"
"004440","삼일씨엔에스","KOSPI","비금속광물","5350","10","0.19","68115916450"
"000520","삼일제약","KOSPI","의약품","7770","-30","-0.38","116625811890"
"009770","삼정펄프","KOSPI","종이목재","26900","-100","-0.37","67249219900"
"005500","삼진제약","KOSPI","의약품","22350","-150","-0.67","310665000000"
"004690","삼천리","KOSPI","전기가스업","106300","-200","-0.19","431049157500"
"010960","삼호개발","KOSPI","건설업","3705","45","1.23","92625000000"
"004450","삼화왕관","KOSPI","기계","35950","900","2.57","77449925050"
"009470","삼화전기","KOSPI","전기전자","21450","-300","-1.38","141866439000"
"011230","삼화전자","KOSPI","전기전자","7540","-270","-3.46","91254358000"
"001820","삼화콘덴서","KOSPI","전기전자","44300","-400","-0.89","460498500000"
"000390","삼화페인트","KOSPI","화학","6660","-90","-1.33","181175103540"
"001290","상상인증권","KOSPI","증권","815","-9","-1.09","88294752800"
"041650","상신브레이크","KOSPI","운수장비","3835","-15","-0.39","82343010750"
"075180","새론오토모티브","KOSPI","운수장비","4375","-200","-4.37","84000000000"
"007540","샘표","KOSPI","기타금융","68000","-300","-0.44","195554400000"
"248170","샘표식품","KOSPI","음식료품","35550","300","0.85","162402567300"
"007860","서연","KOSPI","기타금융","8980","150","1.70","210848999120"
"200880","서연이화","KOSPI","운수장비","18030","130","0.73","487322719110"
"017390","서울가스","KOSPI","전기가스업","67300","-500","-0.74","336500000000"
"004410","서울식품","KOSPI","음식료품","219","0","0.00","82071467421"
"004415","서울식품우","KOSPI","음식료품","2310","-70","-2.94","5138595000"
"021050","서원","KOSPI","철강금속","1469","-21","-1.41","69740172710"
"008490","서흥","KOSPI","화학","26500","-100","-0.38","306581494500"
"007610","선도전기","KOSPI","전기전자","3000","0","0.00","54000000000"
"136490","선진","KOSPI","음식료품","8720","-150","-1.69","207358146880"
"014910","성문전자","KOSPI","전기전자","2075","20","0.97","46606543875"
"014915","성문전자우","KOSPI","전기전자","8110","10","0.12","4866000000"
"003080","성보화학","KOSPI","화학","3450","-30","-0.86","69069000000"
"004980","성신양회","KOSPI","비금속광물","8990","-20","-0.22","220399496270"
"004985","성신양회우","KOSPI","비금속광물","13580","-140","-1.02","9990059100"
"011300","성안","KOSPI","섬유의복","2255","250","12.47","151876610985"
"000180","성창기업지주","KOSPI","서비스업","2140","5","0.23","149268424000"
"002420","세기상사","KOSPI","유통업","7580","-40","-0.52","42136067840"
"004360","세방","KOSPI","운수창고업","12350","-150","-1.20","238462321500"
"004365","세방우","KOSPI","운수창고업","7360","-50","-0.67","27152880000"
"004490","세방전지","KOSPI","전기전자","47800","600","1.27","669200000000"
"001430","세아베스틸지주","KOSPI","철강금속","24250","1450","6.36","869656385750"
"306200","세아제강","KOSPI","철강금속","156200","7600","5.11","443030060000"
"003030","세아제강지주","KOSPI","기타금융","197200","17000","9.43","816734760400"
"019440","세아특수강","KOSPI","철강금속","16280","80","0.49","139519600000"
"058650","세아홀딩스","KOSPI","철강금속","113500","1000","0.89","454000000000"
"013000","세우글로벌","KOSPI","유통업","1492","-28","-1.84","42827906252"
"091090","세원이앤씨","KOSPI","기계","254","0","0.00","54838924358"
"021820","세원정공","KOSPI","운수장비","8740","280","3.31","87400000000"
"067830","세이브존I&C","KOSPI","유통업","2710","0","0.00","111220825450"
"033530","세종공업","KOSPI","운수장비","8870","380","4.48","246771924070"
"075580","세진중공업","KOSPI","운수장비","6630","80","1.22","376911893280"
"027970","세하","KOSPI","종이목재","1269","6","0.48","73047443193"
"068270","셀트리온","KOSPI","의약품","150800","-14300","-8.66","22075741989600"
"336370","솔루스첨단소재","KOSPI","전기전자","37450","150","0.40","1314914252750"
"33637K","솔루스첨단소재1우","KOSPI","전기전자","8700","-50","-0.57","73560405300"
"33637L","솔루스첨단소재2우B","KOSPI","전기전자","10280","0","0.00","19422518000"
"248070","솔루엠","KOSPI","전기전자","27950","-550","-1.93","1397655150450"
"004430","송원산업","KOSPI","화학","20550","200","0.98","493200000000"
"126720","수산인더스트리","KOSPI","건설업","23600","350","1.51","337149600000"
"017550","수산중공업","KOSPI","기계","2800","0","0.00","151158456400"
"053210","스카이라이프","KOSPI","서비스업","6460","20","0.31","308929900360"
"026890","스틱인베스트먼트","KOSPI","기타금융","6610","-410","-5.84","275492736750"
"134790","시디즈","KOSPI","기타제조업","36300","100","0.28","72600000000"
"016590","신대양제지","KOSPI","종이목재","5080","0","0.00","204712925600"
"029530","신도리코","KOSPI","전기전자","35250","-50","-0.14","355321022250"
"004970","신라교역","KOSPI","농업, 임업 및 어업","10320","30","0.29","165120000000"
"011930","신성이엔지","KOSPI","전기전자","2085","-15","-0.71","429193394835"
"005390","신성통상","KOSPI","유통업","2020","26","1.30","290290947800"
"004170","신세계","KOSPI","유통업","178300","-1500","-0.83","1755395772300"
"035510","신세계 I&C","KOSPI","서비스업","13480","-40","-0.30","231856000000"
"034300","신세계건설","KOSPI","건설업","17670","-70","-0.39","70680000000"
"031430","신세계인터내셔날","KOSPI","유통업","17180","130","0.76","613326000000"
"031440","신세계푸드","KOSPI","서비스업","42350","-150","-0.35","163999528000"
"006880","신송홀딩스","KOSPI","유통업","12430","-250","-1.97","147032704940"
"005800","신영와코루","KOSPI","섬유의복","10660","-20","-0.19","95940000000"
"001720","신영증권","KOSPI","증권","55500","100","0.18","520936153500"
"001725","신영증권우","KOSPI","증권","55200","0","0.00","389367717600"
"009270","신원","KOSPI","섬유의복","1487","25","1.71","152545911372"
"002700","신일전자","KOSPI","유통업","1903","8","0.42","135203432463"
"002870","신풍","KOSPI","유통업","1033","7","0.68","36112337100"
"019170","신풍제약","KOSPI","의약품","16250","-250","-1.52","861006087500"
"019175","신풍제약우","KOSPI","의약품","29100","-300","-1.02","64020000000"
"404990","신한서부티엔디리츠","KOSPI","서비스업","3650","20","0.55","204238976600"
"293940","신한알파리츠","KOSPI","서비스업","6140","0","0.00","540934755220"
"055550","신한지주","KOSPI","기타금융","34650","0","0.00","18107757325350"
"004080","신흥","KOSPI","유통업","14200","-20","-0.14","134900000000"
"102280","쌍방울","KOSPI","섬유의복","271","15","5.86","71162466959"
"003410","쌍용C&E","KOSPI","비금속광물","5620","0","0.00","2831690923900"
"004770","써니전자","KOSPI","전기전자","2370","15","0.64","82582676070"
"015540","쎌마테라퓨틱스","KOSPI","서비스업","6410","0","0.00","400989543110"
"403550","쏘카","KOSPI","서비스업","16010","90","0.57","524940314770"
"004920","씨아이테크","KOSPI","기타제조업","2355","-160","-6.36","116325533505"
"112610","씨에스윈드","KOSPI","기계","82600","1100","1.35","3483357887800"
"308170","씨티알모빌리티","KOSPI","운수장비","15720","20","0.13","135349200000"
"008700","아남전자","KOSPI","전기전자","2035","10","0.49","156949008700"
"002790","아모레G","KOSPI","화학","27100","100","0.37","2234616678000"
"00279K","아모레G3우(전환)","KOSPI","화학","20350","50","0.25","144326270000"
"002795","아모레G우","KOSPI","화학","10690","-80","-0.74","68883901300"
"090430","아모레퍼시픽","KOSPI","화학","101900","500","0.49","5960412142100"
"090435","아모레퍼시픽우","KOSPI","화학","32200","0","0.00","339962126000"
"002030","아세아","KOSPI","서비스업","141000","400","0.28","305199294000"
"183190","아세아시멘트","KOSPI","비금속광물","9270","-50","-0.54","361141494300"
"002310","아세아제지","KOSPI","종이목재","34750","350","1.02","311238444500"
"012170","아센디오","KOSPI","서비스업","920","0","0.00","78479766480"
"267850","아시아나IDT","KOSPI","서비스업","13320","-90","-0.67","147852000000"
"020560","아시아나항공","KOSPI","운수창고업","12250","-20","-0.16","911544109000"
"122900","아이마켓코리아","KOSPI","유통업","9970","70","0.71","333285534800"
"010780","아이에스동서","KOSPI","비금속광물","34650","450","1.32","1070428797900"
"139990","아주스틸","KOSPI","철강금속","9870","920","10.28","261083105430"
"001780","알루코","KOSPI","철강금속","4015","210","5.52","361227269480"
"018250","애경산업","KOSPI","화학","22000","-550","-2.44","581018570000"
"161000","애경케미칼","KOSPI","화학","22350","-1400","-5.89","1087298646150"
"011090","에넥스","KOSPI","기타제조업","683","3","0.44","40974290803"
"137310","에스디바이오센서","KOSPI","의료정밀","12940","-170","-1.30","1351613447820"
"005850","에스엘","KOSPI","운수장비","36500","1050","2.96","1695370980000"
"010580","에스엠벡셀","KOSPI","운수장비","2620","200","8.26","291479611200"
"012750","에스원","KOSPI","서비스업","53500","-500","-0.93","2032956023000"
"023960","에쓰씨엔지니어링","KOSPI","건설업","2005","-75","-3.61","62654956775"
"298690","에어부산","KOSPI","운수창고업","3240","-45","-1.37","377913600000"
"140910","에이리츠","KOSPI","서비스업","3960","25","0.64","17673606720"
"078520","에이블씨엔씨","KOSPI","화학","8100","360","4.65","210714704100"
"015260","에이엔피","KOSPI","전기전자","1769","-3","-0.17","79103745005"
"007460","에이프로젠","KOSPI","기계","1248","-9","-0.72","316578731040"
"003060","에이프로젠바이오로직스","KOSPI","의약품","387","3","0.78","257647064643"
"244920","에이플러스에셋","KOSPI","기타금융","4570","5","0.11","103317157010"
"036570","엔씨소프트","KOSPI","서비스업","299500","-500","-0.17","6575229589000"
"380440","엔에이치스팩19호","KOSPI","기타금융","10000","10","0.10","102580000000"
"085310","엔케이","KOSPI","기계","999","-13","-1.28","79903368648"
"900140","엘브이엠씨홀딩스","KOSPI","유통업","2575","-30","-1.15","441840158325"
"097520","엠씨넥스","KOSPI","전기전자","30700","-150","-0.49","551916372400"
"014440","영보화학","KOSPI","화학","3960","-25","-0.63","79200000000"
"111770","영원무역","KOSPI","유통업","62400","3900","6.67","2765035603200"
"009970","영원무역홀딩스","KOSPI","기타금융","76000","2800","3.83","1036304992000"
"003520","영진약품","KOSPI","의약품","2530","-10","-0.39","462718609430"
"000670","영풍","KOSPI","철강금속","561000","8000","1.45","1033384440000"
"006740","영풍제지","KOSPI","종이목재","24250","450","1.89","1127192089000"
"012280","영화금속","KOSPI","운수장비","1040","19","1.86","55530285200"
"012160","영흥","KOSPI","철강금속","773","-5","-0.64","78312917556"
"015360","예스코홀딩스","KOSPI","서비스업","31700","200","0.63","190200000000"
"007310","오뚜기","KOSPI","음식료품","404500","1500","0.37","1621167235000"
"002630","오리엔트바이오","KOSPI","의약품","728","0","0.00","86328427640"
"271560","오리온","KOSPI","음식료품","126100","-4700","-3.59","4985506245200"
"001800","오리온홀딩스","KOSPI","기타금융","15070","-30","-0.20","944066509540"
"011690","와이투솔루션","KOSPI","전기전자","1332","-38","-2.77","243538726824"
"070960","용평리조트","KOSPI","서비스업","3105","15","0.49","149453998965"
"316140","우리금융지주","KOSPI","기타금융","11960","0","0.00","8707604166040"
"010050","우리종금","KOSPI","기타금융","725","-5","-0.68","633797469350"
"006980","우성","KOSPI","음식료품","23100","0","0.00","71379000000"
"017370","우신시스템","KOSPI","기계","3485","20","0.58","63824478190"
"105840","우진","KOSPI","의료정밀","9410","110","1.18","191245207740"
"010400","우진아이엔에스","KOSPI","건설업","5990","-40","-0.66","45655780000"
"049800","우진플라임","KOSPI","기계","3420","-10","-0.29","68400000000"
"016880","웅진","KOSPI","서비스업","1483","-13","-0.87","118531859640"
"095720","웅진씽크빅","KOSPI","서비스업","2715","-25","-0.91","313598749275"
"005820","원림","KOSPI","섬유의복","23500","500","2.17","54002295000"
"010600","웰바이오텍","KOSPI","유통업","1884","10","0.53","133118641452"
"008600","윌비스","KOSPI","유통업","585","3","0.52","39333082815"
"033270","유나이티드제약","KOSPI","의약품","24650","-100","-0.40","400434862300"
"014830","유니드","KOSPI","화학","69700","2200","3.26","471701720000"
"446070","유니드비티플러스","KOSPI","종이목재","8780","880","11.14","93166467700"
"000910","유니온","KOSPI","비금속광물","6360","-100","-1.55","99289896840"
"047400","유니온머티리얼","KOSPI","비금속광물","3855","-75","-1.91","161910000000"
"011330","유니켐","KOSPI","기타제조업","1415","1","0.07","121302720160"
"077500","유니퀘스트","KOSPI","유통업","10540","30","0.29","288331976500"
"002920","유성기업","KOSPI","운수장비","3010","10","0.33","78101975000"
"000700","유수홀딩스","KOSPI","서비스업","6150","10","0.16","160157143800"
"003470","유안타증권","KOSPI","증권","2640","-10","-0.38","526934960640"
"003475","유안타증권우","KOSPI","증권","2675","5","0.19","34540167100"
"072130","유엔젤","KOSPI","서비스업","4225","-160","-3.65","55750793150"
"000220","유유제약","KOSPI","의약품","5110","0","0.00","88057313610"
"000225","유유제약1우","KOSPI","의약품","6090","-20","-0.33","13805603700"
"000227","유유제약2우B","KOSPI","의약품","13100","200","1.55","4264836000"
"001200","유진투자증권","KOSPI","증권","3535","25","0.71","342422787630"
"000100","유한양행","KOSPI","의약품","58300","0","0.00","4468033703100"
"000105","유한양행우","KOSPI","의약품","54400","-100","-0.18","64243136000"
"003460","유화증권","KOSPI","증권","2450","5","0.20","138920916750"
"003465","유화증권우","KOSPI","증권","2470","-35","-1.40","43166769750"
"008730","율촌화학","KOSPI","화학","30650","-50","-0.16","760120000000"
"008250","이건산업","KOSPI","종이목재","7930","110","1.41","86854395550"
"025820","이구산업","KOSPI","철강금속","5280","110","2.13","176573760000"
"214320","이노션","KOSPI","서비스업","39450","1200","3.14","789000000000"
"088260","이리츠코크렙","KOSPI","서비스업","5260","-10","-0.19","333176763400"
"139480","이마트","KOSPI","유통업","78400","300","0.38","2185464209600"
"457190","이수스페셜티케미컬","KOSPI","화학","317000","-21000","-6.21","1746273433000"
"007660","이수페타시스","KOSPI","전기전자","25450","550","2.21","1609621363550"
"005950","이수화학","KOSPI","화학","27650","-1000","-3.49","620764481750"
"015020","이스타코","KOSPI","서비스업","917","29","3.27","39294917200"
"093230","이아이디","KOSPI","유통업","1392","0","0.00","339310256256"
"074610","이엔플러스","KOSPI","기계","9590","-200","-2.04","612822510370"
"102460","이연제약","KOSPI","의약품","16870","-140","-0.82","303635993990"
"084680","이월드","KOSPI","기타제조업","1506","-22","-1.44","213560126658"
"350520","이지스레지던스리츠","KOSPI","서비스업","3900","-15","-0.38","110598606300"
"334890","이지스밸류리츠","KOSPI","서비스업","4625","60","1.31","169947174375"
"000760","이화산업","KOSPI","유통업","20400","-1050","-4.90","57120000000"
"014990","인디에프","KOSPI","섬유의복","1200","-36","-2.91","84855594000"
"101140","인바이오젠","KOSPI","유통업","467","0","0.00","65792982110"
"006490","인스코비","KOSPI","통신업","1523","-47","-2.99","173061249676"
"023800","인지컨트롤스","KOSPI","운수장비","8610","110","1.29","136117186170"
"034590","인천도시가스","KOSPI","전기가스업","25750","-200","-0.77","112649915500"
"129260","인터지스","KOSPI","운수창고업","2645","35","1.34","78683126730"
"023810","인팩","KOSPI","운수장비","9430","-110","-1.15","94300000000"
"249420","일동제약","KOSPI","의약품","16150","-250","-1.52","432873052750"
"000230","일동홀딩스","KOSPI","의약품","8920","-190","-2.09","102940368000"
"013360","일성건설","KOSPI","건설업","2220","-15","-0.67","119935233600"
"003120","일성신약","KOSPI","의약품","27150","0","0.00","361095000000"
"003200","일신방직","KOSPI","섬유의복","10650","30","0.28","247932000000"
"007110","일신석재","KOSPI","유통업","1300","11","0.85","100693593000"
"007570","일양약품","KOSPI","의약품","17210","-30","-0.17","328464277440"
"007575","일양약품우","KOSPI","의약품","18050","-330","-1.80","8033694000"
"008500","일정실업","KOSPI","섬유의복","12900","0","0.00","15480000000"
"081000","일진다이아","KOSPI","화학","21050","-600","-2.77","298972623750"
"020760","일진디스플","KOSPI","전기전자","1360","-12","-0.87","70058687760"
"103590","일진전기","KOSPI","전기전자","8990","-240","-2.60","333352706100"
"271940","일진하이솔루스","KOSPI","운수장비","32100","-300","-0.93","1165653399000"
"015860","일진홀딩스","KOSPI","기타금융","4690","-50","-1.05","231439695270"
"226320","잇츠한불","KOSPI","화학","15210","30","0.20","333544881150"
"317400","자이에스앤디","KOSPI","서비스업","6690","0","0.00","259455058800"
"033240","자화전자","KOSPI","전기전자","32600","500","1.56","709939328000"
"000950","전방","KOSPI","섬유의복","28500","-500","-1.72","47880000000"
"348950","제이알글로벌리츠","KOSPI","서비스업","4485","80","1.82","885231360000"
"194370","제이에스코퍼레이션","KOSPI","기타제조업","13770","970","7.58","183631225770"
"025620","제이준코스메틱","KOSPI","화학","6970","90","1.31","31259376620"
"030000","제일기획","KOSPI","서비스업","18280","190","1.05","2102953593000"
"271980","제일약품","KOSPI","의약품","18990","-110","-0.58","279245519280"
"001560","제일연마","KOSPI","비금속광물","7860","-120","-1.50","78600000000"
"002620","제일파마홀딩스","KOSPI","서비스업","12500","-160","-1.26","199666937500"
"006220","제주은행","KOSPI","은행","12100","-30","-0.25","388758165400"
"089590","제주항공","KOSPI","운수창고업","14160","50","0.35","1090230947760"
"004910","조광페인트","KOSPI","화학","6840","-10","-0.15","87552000000"
"004700","조광피혁","KOSPI","기타제조업","49100","300","0.61","326472675800"
"001550","조비","KOSPI","화학","16110","-320","-1.95","83646970290"
"000480","조선내화","KOSPI","비금속광물","17810","2940","19.77","712400000000"
"120030","조선선재","KOSPI","기계","110800","2300","2.12","139347730800"
"018470","조일알미늄","KOSPI","철강금속","2995","25","0.84","379262004395"
"002600","조흥","KOSPI","음식료품","204500","-2000","-0.97","122700000000"
"185750","종근당","KOSPI","의약품","83200","600","0.73","1045696204800"
"063160","종근당바이오","KOSPI","의약품","24600","-250","-1.01","134954665200"
"001630","종근당홀딩스","KOSPI","의약품","47950","150","0.31","240222834950"
"044380","주연테크","KOSPI","전기전자","725","1","0.14","42919451900"
"013890","지누스","KOSPI","기타제조업","27450","-300","-1.08","518823556200"
"013870","지엠비코리아","KOSPI","운수장비","4995","15","0.30","95266038600"
"071320","지역난방공사","KOSPI","전기가스업","26700","100","0.38","309152464800"
"035000","지투알","KOSPI","서비스업","6190","30","0.49","102552261710"
"088790","진도","KOSPI","유통업","2645","55","2.12","32924282880"
"003780","진양산업","KOSPI","화학","6410","50","0.79","83330000000"
"010640","진양폴리","KOSPI","화학","5380","-20","-0.37","53800000000"
"100250","진양홀딩스","KOSPI","화학","3350","15","0.45","187249228200"
"051630","진양화학","KOSPI","화학","3610","105","3.00","57038000000"
"272450","진에어","KOSPI","운수창고업","15690","-130","-0.82","819018000000"
"011000","진원생명과학","KOSPI","의약품","3985","-80","-1.97","309840122015"
"002780","진흥기업","KOSPI","건설업","1333","-6","-0.45","193913836085"
"002787","진흥기업2우B","KOSPI","건설업","12840","10","0.08","3785334720"
"002785","진흥기업우B","KOSPI","건설업","5290","0","0.00","4534683220"
"009310","참엔지니어링","KOSPI","기계","701","-4","-0.57","41266060719"
"000650","천일고속","KOSPI","운수창고업","51900","0","0.00","74176518000"
"012600","청호ICT","KOSPI","기계","2490","0","0.00","61394667570"
"033250","체시스","KOSPI","운수장비","1025","19","1.89","32800000000"
"035720","카카오","KOSPI","서비스업","49350","-650","-1.30","21916542566100"
"323410","카카오뱅크","KOSPI","은행","24150","300","1.26","11513926358550"
"377300","카카오페이","KOSPI","기타금융","46900","-750","-1.57","6286244126400"
"006380","카프로","KOSPI","화학","654","-50","-7.10","26160000000"
"109070","컨버즈","KOSPI","전기전자","4100","0","0.00","150921943000"
"001620","케이비아이동국실업","KOSPI","운수장비","660","-7","-1.05","73453400460"
"029460","케이씨","KOSPI","의료정밀","19510","30","0.15","264439398440"
"281820","케이씨텍","KOSPI","의료정밀","21200","-100","-0.47","442264987200"
"381970","케이카","KOSPI","유통업","14950","900","6.41","718893668350"
"145270","케이탑리츠","KOSPI","서비스업","1032","1","0.10","49598718768"
"417310","코람코더원리츠","KOSPI","서비스업","4755","30","0.63","192102000000"
"357120","코람코에너지리츠","KOSPI","서비스업","5480","0","0.00","485168917520"
"007815","코리아써우","KOSPI","전기전자","6370","-80","-1.24","18885075300"
"007810","코리아써키트","KOSPI","전기전자","17360","-260","-1.48","410056237360"
"00781K","코리아써키트2우B","KOSPI","전기전자","8800","-270","-2.98","6896551200"
"003690","코리안리","KOSPI","보험","7020","-40","-0.57","988577031780"
"192820","코스맥스","KOSPI","화학","92000","900","0.99","1044154828000"
"044820","코스맥스비티아이","KOSPI","기타금융","9200","90","0.99","88356073200"
"005070","코스모신소재","KOSPI","화학","188700","-8200","-4.16","5783797657200"
"005420","코스모화학","KOSPI","화학","48300","-1450","-2.91","1690897412400"
"071950","코아스","KOSPI","기타제조업","761","32","4.39","23520386810"
"002020","코오롱","KOSPI","기타금융","19770","0","0.00","249624442020"
"003070","코오롱글로벌","KOSPI","건설업","14090","-140","-0.98","266761926170"
"003075","코오롱글로벌우","KOSPI","건설업","21550","0","0.00","15962882350"
"450140","코오롱모빌리티그룹","KOSPI","유통업","4420","-30","-0.67","277475445000"
"45014K","코오롱모빌리티그룹우","KOSPI","유통업","9280","-140","-1.49","22792793600"
"002025","코오롱우","KOSPI","기타금융","14740","-130","-0.87","15865988600"
"120110","코오롱인더","KOSPI","화학","52100","-700","-1.33","1433744641100"
"120115","코오롱인더우","KOSPI","화학","26300","-250","-0.94","72794718000"
"138490","코오롱플라스틱","KOSPI","화학","9680","70","0.73","367840000000"
"021240","코웨이","KOSPI","서비스업","43800","-400","-0.90","3232423312200"
"036420","콘텐트리중앙","KOSPI","서비스업","16610","60","0.36","319946935880"
"031820","콤텍시스템","KOSPI","서비스업","947","-21","-2.17","114635738302"
"192400","쿠쿠홀딩스","KOSPI","기타금융","15640","590","3.92","556192573400"
"284740","쿠쿠홈시스","KOSPI","서비스업","23100","350","1.54","518302323000"
"015590","큐로","KOSPI","기계","1122","-8","-0.71","262628325102"
"264900","크라운제과","KOSPI","음식료품","9080","140","1.57","113716558000"
"26490K","크라운제과우","KOSPI","음식료품","10980","10","0.09","8493688800"
"005740","크라운해태홀딩스","KOSPI","기타금융","6260","-70","-1.11","92944392220"
"005745","크라운해태홀딩스우","KOSPI","기타금융","10340","10","0.10","6211506840"
"259960","크래프톤","KOSPI","서비스업","202500","-1500","-0.74","9793455457500"
"020120","키다리스튜디오","KOSPI","서비스업","7130","120","1.71","263601561580"
"039490","키움증권","KOSPI","증권","89600","-1000","-1.10","2349912857600"
"014580","태경비케이","KOSPI","비금속광물","8750","-30","-0.34","241352125000"
"015890","태경산업","KOSPI","화학","7410","-20","-0.27","216585037500"
"006890","태경케미컬","KOSPI","화학","14720","-10","-0.07","170752000000"
"003240","태광산업","KOSPI","화학","640000","12000","1.91","712576000000"
"011280","태림포장","KOSPI","종이목재","2730","0","0.00","193300216200"
"004100","태양금속","KOSPI","운수장비","1820","22","1.22","66794000000"
"004105","태양금속우","KOSPI","운수장비","3130","15","0.48","10329000000"
"009410","태영건설","KOSPI","건설업","4110","10","0.24","159875292780"
"009415","태영건설우","KOSPI","건설업","6590","-100","-1.49","8581115780"
"001420","태원물산","KOSPI","운수장비","4835","-120","-2.42","36746000000"
"007980","태평양물산","KOSPI","섬유의복","1706","122","7.70","82973137126"
"055490","테이팩스","KOSPI","화학","49650","-650","-1.29","234678172500"
"078000","텔코웨어","KOSPI","서비스업","9110","-100","-1.09","88391651660"
"214420","토니모리","KOSPI","화학","6100","-140","-2.24","146734273900"
"019180","티에이치엔","KOSPI","전기전자","3625","40","1.12","65250000000"
"363280","티와이홀딩스","KOSPI","기타금융","8310","-360","-4.15","419067217080"
"36328K","티와이홀딩스우","KOSPI","기타금융","10050","-240","-2.33","12492290700"
"091810","티웨이항공","KOSPI","운수창고업","3210","-125","-3.75","644476678710"
"004870","티웨이홀딩스","KOSPI","비금속광물","631","2","0.32","69682660148"
"005690","파미셀","KOSPI","의약품","7630","10","0.13","457929435320"
"036580","팜스코","KOSPI","음식료품","4405","-50","-1.12","161786588915"
"004720","팜젠사이언스","KOSPI","의약품","5890","50","0.86","93337581320"
"028670","팬오션","KOSPI","운수창고업","5230","120","2.35","2795798547760"
"010820","퍼스텍","KOSPI","기계","4370","45","1.04","211580974630"
"016800","퍼시스","KOSPI","기타제조업","30500","100","0.33","350750000000"
"001020","페이퍼코리아","KOSPI","종이목재","1124","13","1.17","53465094440"
"090080","평화산업","KOSPI","운수장비","1592","-17","-1.06","87404396328"
"010770","평화홀딩스","KOSPI","운수장비","3795","-35","-0.91","55503643470"
"058430","포스코스틸리온","KOSPI","철강금속","53400","1800","3.49","320400000000"
"047050","포스코인터내셔널","KOSPI","유통업","38950","1000","2.64","6852192592600"
"003670","포스코퓨처엠","KOSPI","전기전자","365000","-9000","-2.41","28274075300000"
"017810","풀무원","KOSPI","음식료품","10820","-60","-0.55","412464264440"
"103140","풍산","KOSPI","철강금속","43500","-550","-1.25","1219056093000"
"005810","풍산홀딩스","KOSPI","기타금융","37300","750","2.05","372945094400"
"950210","프레스티지바이오파마","KOSPI","서비스업","9390","-40","-0.42","564302895450"
"009810","플레이그램","KOSPI","유통업","811","0","0.00","102794401657"
"086790","하나금융지주","KOSPI","기타금융","39850","200","0.50","11791753518600"
"293480","하나제약","KOSPI","의약품","14050","40","0.29","249709891300"
"039130","하나투어","KOSPI","서비스업","51500","-300","-0.58","826018027500"
"352820","하이브","KOSPI","서비스업","292000","-6000","-2.01","12161529024000"
"071090","하이스틸","KOSPI","철강금속","4680","155","3.43","94496084280"
"019490","하이트론","KOSPI","전기전자","2470","0","0.00","23739723280"
"000080","하이트진로","KOSPI","음식료품","21950","100","0.46","1539432761450"
"000087","하이트진로2우B","KOSPI","음식료품","16330","0","0.00","18455153540"
"000140","하이트진로홀딩스","KOSPI","기타금융","9360","0","0.00","217215320400"
"000145","하이트진로홀딩스우","KOSPI","기타금융","12600","220","1.78","5932206000"
"152550","한국ANKOR유전","KOSPI","기타금융","623","-19","-2.96","43622460000"
"036460","한국가스공사","KOSPI","전기가스업","25700","800","3.21","2372444100000"
"005430","한국공항","KOSPI","운수창고업","38850","850","2.24","123012891750"
"071050","한국금융지주","KOSPI","기타금융","51100","-700","-1.35","2847598191200"
"071055","한국금융지주우","KOSPI","기타금융","40150","-550","-1.35","235208777650"
"010040","한국내화","KOSPI","비금속광물","3805","0","0.00","156260170910"
"025540","한국단자","KOSPI","전기전자","59200","500","0.85","616568000000"
"010100","한국무브넥스","KOSPI","운수장비","3645","20","0.55","110991780900"
"004090","한국석유","KOSPI","비금속광물","10520","-30","-0.28","133542142400"
"002200","한국수출포장","KOSPI","종이목재","2900","25","0.87","116000000000"
"002960","한국쉘석유","KOSPI","화학","227500","500","0.22","295750000000"
"000240","한국앤컴퍼니","KOSPI","기타금융","11890","20","0.17","1128780003600"
"123890","한국자산신탁","KOSPI","기타금융","3195","10","0.31","396108917640"
"015760","한국전력","KOSPI","전기가스업","19980","900","4.72","12826442258460"
"006200","한국전자홀딩스","KOSPI","기타금융","1321","36","2.80","61826942656"
"023350","한국종합기술","KOSPI","서비스업","6830","-70","-1.01","74788500000"
"025890","한국주강","KOSPI","기계","3435","-70","-2.00","38847304665"
"000970","한국주철관","KOSPI","철강금속","7520","-40","-0.53","171459760000"
"104700","한국철강","KOSPI","철강금속","6440","10","0.16","273378000000"
"017960","한국카본","KOSPI","기계","11830","-220","-1.83","520055755310"
"161890","한국콜마","KOSPI","화학","43750","650","1.51","1001051625000"
"024720","한국콜마홀딩스","KOSPI","기타금융","14080","50","0.36","261560203520"
"161390","한국타이어앤테크놀로지","KOSPI","화학","33900","250","0.74","4199364839100"
"034830","한국토지신탁","KOSPI","기타금융","1380","-16","-1.15","348435137400"
"007280","한국특강","KOSPI","철강금속","2010","5","0.25","121785091980"
"168490","한국패러랠","KOSPI","기타금융","2175","15","0.69","174043500000"
"047810","한국항공우주","KOSPI","운수장비","52700","-1000","-1.86","5136938138900"
"123690","한국화장품","KOSPI","유통업","6600","-30","-0.45","106048800000"
"003350","한국화장품제조","KOSPI","화학","23900","-450","-1.85","108314800000"
"011500","한농화성","KOSPI","화학","18620","-310","-1.64","291161722040"
"002390","한독","KOSPI","의약품","14270","-20","-0.14","196405615910"
"053690","한미글로벌","KOSPI","서비스업","30650","-600","-1.92","335848907500"
"042700","한미반도체","KOSPI","기계","30100","-550","-1.79","2929912990200"
"008930","한미사이언스","KOSPI","기타금융","33300","-350","-1.04","2329566102000"
"128940","한미약품","KOSPI","의약품","309000","-5500","-1.75","3881706822000"
"009240","한샘","KOSPI","유통업","42850","1200","2.88","1008428814800"
"020000","한섬","KOSPI","섬유의복","22900","-100","-0.43","564027000000"
"003680","한성기업","KOSPI","음식료품","5660","150","2.72","35145854900"
"105630","한세실업","KOSPI","섬유의복","19800","1390","7.55","792000000000"
"069640","한세엠케이","KOSPI","유통업","2970","-15","-0.50","89416310940"
"016450","한세예스24홀딩스","KOSPI","섬유의복","5050","60","1.20","202000000000"
"010420","한솔PNS","KOSPI","유통업","1545","54","3.62","31661703540"
"009180","한솔로지스틱스","KOSPI","운수창고업","2750","35","1.29","75562918750"
"213500","한솔제지","KOSPI","종이목재","11190","20","0.18","266328445440"
"014680","한솔케미칼","KOSPI","화학","232000","3000","1.31","2629765240000"
"004710","한솔테크닉스","KOSPI","전기전자","7870","50","0.64","252704739860"
"004150","한솔홀딩스","KOSPI","기타금융","3085","-25","-0.80","129596460045"
"025750","한솔홈데코","KOSPI","종이목재","1106","6","0.55","89105054794"
"004960","한신공영","KOSPI","건설업","8600","200","2.38","99508037200"
"011700","한신기계","KOSPI","기계","5690","-10","-0.18","184618599190"
"001750","한양증권","KOSPI","증권","9060","-40","-0.44","115320518040"
"001755","한양증권우","KOSPI","증권","12890","-20","-0.15","6767250000"
"018880","한온시스템","KOSPI","기계","9220","20","0.22","4921636000000"
"009420","한올바이오파마","KOSPI","의약품","20350","-350","-1.69","1063096983300"
"014130","한익스프레스","KOSPI","운수창고업","5940","-10","-0.17","71280000000"
"300720","한일시멘트","KOSPI","비금속광물","12660","0","0.00","876851096400"
"002220","한일철강","KOSPI","철강금속","3640","100","2.82","97178754400"
"006390","한일현대시멘트","KOSPI","비금속광물","17670","-270","-1.51","341519964240"
"003300","한일홀딩스","KOSPI","비금속광물","12210","120","0.99","376469513640"
"051600","한전KPS","KOSPI","건설업","33500","500","1.52","1507500000000"
"052690","한전기술","KOSPI","서비스업","70900","200","0.28","2709798000000"
"130660","한전산업","KOSPI","서비스업","7620","20","0.26","248412000000"
"002320","한진","KOSPI","운수창고업","19830","190","0.97","296411463240"
"003480","한진중공업홀딩스","KOSPI","전기가스업","3715","15","0.41","109703251580"
"180640","한진칼","KOSPI","운수창고업","47500","700","1.50","3171208252500"
"18064K","한진칼우","KOSPI","운수창고업","26750","-100","-0.37","14358490500"
"005110","한창","KOSPI","유통업","659","-1","-0.15","52321745212"
"009460","한창제지","KOSPI","종이목재","1367","19","1.41","81565453362"
"372910","한컴라이프케어","KOSPI","의료정밀","5900","-180","-2.96","163278995400"
"000880","한화","KOSPI","화학","30150","-50","-0.17","2260005860250"
"00088K","한화3우B","KOSPI","화학","15100","70","0.47","339327200000"
"452260","한화갤러리아","KOSPI","유통업","1563","-35","-2.19","303002570430"
"45226K","한화갤러리아우","KOSPI","유통업","6550","-230","-3.39","19024278500"
"451800","한화리츠","KOSPI","서비스업","5340","110","2.10","377004000000"
"088350","한화생명","KOSPI","보험","2580","25","0.98","2240807400000"
"000370","한화손해보험","KOSPI","보험","3935","5","0.13","459367630525"
"009830","한화솔루션","KOSPI","화학","42850","-100","-0.23","7365595167600"
"009835","한화솔루션우","KOSPI","화학","32050","-150","-0.47","82539935450"
"272210","한화시스템","KOSPI","전기전자","13910","-160","-1.14","2627868700990"
"012450","한화에어로스페이스","KOSPI","운수장비","130500","-1100","-0.84","6607215000000"
"042660","한화오션","KOSPI","운수장비","37700","850","2.31","8176127142300"
"000885","한화우","KOSPI","화학","34800","550","1.61","16679431200"
"003530","한화투자증권","KOSPI","증권","2605","-5","-0.19","558896953875"
"003535","한화투자증권우","KOSPI","증권","4880","-60","-1.21","23424000000"
"195870","해성디에스","KOSPI","전기전자","59400","3100","5.51","1009800000000"
"101530","해태제과식품","KOSPI","음식료품","6020","-40","-0.66","175283268440"
"143210","핸즈코퍼레이션","KOSPI","운수장비","3380","25","0.75","73897845840"
"000720","현대건설","KOSPI","건설업","39100","-1700","-4.17","4354010411500"
"000725","현대건설우","KOSPI","건설업","68500","-4500","-6.16","72246470500"
"453340","현대그린푸드","KOSPI","유통업","12870","-80","-0.62","436047363180"
"086280","현대글로비스","KOSPI","운수창고업","192500","-200","-0.10","7218750000000"
"064350","현대로템","KOSPI","운수장비","36700","-350","-0.94","4005522153100"
"079430","현대리바트","KOSPI","기타제조업","8540","-20","-0.23","175371308280"
"012330","현대모비스","KOSPI","운수장비","230000","9000","4.07","21685571620000"
"010620","현대미포조선","KOSPI","운수장비","83200","500","0.60","3323186796800"
"069960","현대백화점","KOSPI","유통업","49050","350","0.72","1147889731050"
"004560","현대비앤지스틸","KOSPI","철강금속","16470","-430","-2.54","248348017170"
"004565","현대비앤지스틸우","KOSPI","철강금속","23750","-3250","-12.04","2608985000"
"004310","현대약품","KOSPI","의약품","4180","-80","-1.88","133760000000"
"017800","현대엘리베이","KOSPI","기계","40950","-2150","-4.99","1600833165750"
"307950","현대오토에버","KOSPI","서비스업","121100","1600","1.34","3321044220200"
"011210","현대위아","KOSPI","운수장비","64100","3400","5.60","1743204820300"
"004020","현대제철","KOSPI","철강금속","34250","-100","-0.29","4570518136250"
"005440","현대지에프홀딩스","KOSPI","기타금융","3610","20","0.56","230403080480"
"005380","현대차","KOSPI","운수장비","206000","5500","2.74","43575490236000"
"005387","현대차2우B","KOSPI","운수장비","112400","400","0.36","4059955102800"
"005389","현대차3우B","KOSPI","운수장비","109200","900","0.83","262565721600"
"005385","현대차우","KOSPI","운수장비","111300","600","0.54","2683790144700"
"001500","현대차증권","KOSPI","증권","8800","10","0.11","279070545600"
"011760","현대코퍼레이션","KOSPI","유통업","21950","-350","-1.57","290375803700"
"227840","현대코퍼레이션홀딩스","KOSPI","유통업","11850","-30","-0.25","107844906600"
"126560","현대퓨처넷","KOSPI","통신업","2975","-60","-1.98","327853761375"
"001450","현대해상","KOSPI","보험","31100","50","0.16","2780340000000"
"057050","현대홈쇼핑","KOSPI","유통업","46050","400","0.88","552600000000"
"093240","형지엘리트","KOSPI","섬유의복","1517","-25","-1.62","47261828566"
"003010","혜인","KOSPI","유통업","6330","-170","-2.62","80471688510"
"111110","호전실업","KOSPI","섬유의복","8520","320","3.90","83069863680"
"008770","호텔신라","KOSPI","유통업","73000","200","0.27","2865112833000"
"008775","호텔신라우","KOSPI","유통업","53100","100","0.19","39924774900"
"002460","화성산업","KOSPI","건설업","10110","50","0.50","102616500000"
"378850","화승알앤에이","KOSPI","운수장비","4530","155","3.54","86041112190"
"241590","화승엔터프라이즈","KOSPI","기타제조업","8750","810","10.20","530156165000"
"006060","화승인더","KOSPI","화학","3940","85","2.20","217960800000"
"013520","화승코퍼레이션","KOSPI","운수장비","2055","45","2.24","102855322860"
"010690","화신","KOSPI","운수장비","16770","520","3.20","585615275700"
"133820","화인베스틸","KOSPI","철강금속","2500","105","4.38","74795295000"
"010660","화천기계","KOSPI","기계","4640","155","3.46","102080000000"
"000850","화천기공","KOSPI","기계","39450","750","1.94","86790000000"
"016580","환인제약","KOSPI","의약품","14750","10","0.07","274351032500"
"032560","황금에스티","KOSPI","철강금속","8580","140","1.66","145860000000"
"004800","효성","KOSPI","기타금융","64400","-400","-0.62","1356974010000"
"094280","효성ITX","KOSPI","서비스업","13050","20","0.15","150834510000"
"298040","효성중공업","KOSPI","전기전자","101100","100","0.10","942711802800"
"298050","효성첨단소재","KOSPI","화학","497000","1000","0.20","2226534156000"
"298020","효성티앤씨","KOSPI","화학","411000","4000","0.98","1778677302000"
"298000","효성화학","KOSPI","화학","100400","300","0.30","320288650400"
"093370","후성","KOSPI","화학","12760","-180","-1.39","1203932847040"
"081660","휠라홀딩스","KOSPI","유통업","38850","0","0.00","2360223824700"
"005870","휴니드","KOSPI","전기전자","6270","-60","-0.95","88507414050"
"079980","휴비스","KOSPI","화학","4670","0","0.00","161115000000"
"005010","휴스틸","KOSPI","철강금속","6180","110","1.81","347242303500"
"000540","흥국화재","KOSPI","보험","3095","5","0.16","198830986275"
"000547","흥국화재2우B","KOSPI","보험","8800","-200","-2.22","1351680000"
"000545","흥국화재우","KOSPI","보험","5600","-10","-0.18","4300800000"
"003280","흥아해운","KOSPI","운수창고업","2125","240","12.73","510902910375"